-- phpMyAdmin SQL Dump
-- version 5.1.1
-- https://www.phpmyadmin.net/
--
-- Host: 127.0.0.1
-- Generation Time: Aug 14, 2022 at 02:40 AM
-- Server version: 10.4.22-MariaDB
-- PHP Version: 7.4.27

SET SQL_MODE = "NO_AUTO_VALUE_ON_ZERO";
START TRANSACTION;
SET time_zone = "+00:00";


/*!40101 SET @OLD_CHARACTER_SET_CLIENT=@@CHARACTER_SET_CLIENT */;
/*!40101 SET @OLD_CHARACTER_SET_RESULTS=@@CHARACTER_SET_RESULTS */;
/*!40101 SET @OLD_COLLATION_CONNECTION=@@COLLATION_CONNECTION */;
/*!40101 SET NAMES utf8mb4 */;

--
-- Database: `angular`
--

-- --------------------------------------------------------

--
-- Table structure for table `batch`
--

CREATE TABLE `batch` (
  `batchId` int(11) NOT NULL,
  `batchName` varchar(255) NOT NULL,
  `batchClass` int(11) NOT NULL,
  `batchDuration` varchar(255) NOT NULL,
  `batchFee` int(11) NOT NULL,
  `batchStartsFrom` varchar(255) NOT NULL,
  `batchTime` varchar(255) NOT NULL
) ENGINE=InnoDB DEFAULT CHARSET=utf8mb4;

-- --------------------------------------------------------

--
-- Table structure for table `chapter`
--

CREATE TABLE `chapter` (
  `chapterId` int(11) NOT NULL,
  `chapterTopicId` int(10) NOT NULL,
  `chapterClassId` int(11) NOT NULL,
  `chapterSubjectId` int(11) NOT NULL,
  `chapterName` varchar(255) NOT NULL
) ENGINE=InnoDB DEFAULT CHARSET=utf8mb4;

--
-- Dumping data for table `chapter`
--

INSERT INTO `chapter` (`chapterId`, `chapterTopicId`, `chapterClassId`, `chapterSubjectId`, `chapterName`) VALUES
(1, 2, 1, 1, 'बीज'),
(2, 3, 1, 1, 'माझे कुटुंब'),
(3, 4, 1, 1, 'माझे खेळ '),
(4, 5, 1, 1, 'माझे मित्र'),
(5, 6, 1, 1, 'वाचनपूर्व व लेखनपूर्व तयारी'),
(6, 7, 1, 1, 'क ची ओळख'),
(7, 8, 1, 1, 'म ची ओळख'),
(8, 9, 1, 1, 'आ ची ओळख'),
(9, 10, 1, 1, 'ल ची ओळख'),
(10, 11, 1, 1, 'काना'),
(11, 12, 1, 1, 'झोपाळा गेला उडून'),
(12, 13, 1, 1, 'माझी शाळा'),
(13, 14, 1, 1, 'गमती शोध '),
(14, 15, 1, 1, 'वाचन पाठ 1'),
(15, 16, 1, 1, 'आई,  आई मला देना !'),
(16, 17, 1, 1, 'माझे शब्द माझे मित्र'),
(17, 18, 1, 1, 'मांजराची गंमत'),
(18, 19, 1, 1, 'बाजार'),
(19, 20, 1, 1, 'पूर्णविराम ची ओळख'),
(20, 21, 1, 1, 'वाचन पाठ 2'),
(21, 22, 1, 1, 'माझा घोडा'),
(22, 23, 1, 1, 'शब्दखेळ'),
(23, 24, 1, 1, 'प्रश्न चिन्हांची ओळख'),
(24, 25, 1, 1, 'वाचन पाठ 3'),
(25, 26, 1, 1, 'लोठे बाबा'),
(26, 27, 1, 1, 'गाडी आली गाडी आली'),
(27, 28, 1, 1, 'जत्रा'),
(28, 29, 1, 1, 'वेड कोकरू'),
(29, 30, 1, 1, 'जोडाक्षरे'),
(30, 31, 1, 1, 'वाचन पाठ 4'),
(31, 32, 1, 1, 'रेग लहान झाली '),
(32, 33, 1, 1, 'जंगलात ठरली मैफल'),
(33, 34, 1, 1, 'माझा भारत'),
(34, 1, 1, 2, 'लहान-मोठा'),
(35, 2, 1, 2, 'मागेपुढे'),
(36, 3, 1, 2, 'वर खाली'),
(37, 4, 1, 2, 'आधी नंतर'),
(38, 5, 1, 2, 'एक अनेक'),
(39, 6, 1, 2, 'फरक ओळखा'),
(40, 7, 1, 2, '1 ची ओळख व लेखन'),
(41, 8, 1, 2, '2 ची ओळख व लेखन'),
(42, 9, 1, 2, '3 ची ओळख व लेखन'),
(43, 10, 1, 2, '4 ची ओळख व लेखन'),
(44, 11, 1, 2, '5 ची ओळख व लेखन'),
(45, 12, 1, 2, '6 ची ओळख व लेखन'),
(46, 13, 1, 2, '7 ची ओळख व लेखन'),
(47, 14, 1, 2, '8 ची ओळख व लेखन'),
(48, 15, 1, 2, '9 ची ओळख व लेखन'),
(49, 16, 1, 2, 'शून्याची ओळख व लेखन'),
(50, 17, 1, 2, 'कमी - जास्त'),
(51, 18, 1, 2, 'चढता - उतरता क्रम'),
(52, 19, 1, 2, 'चला , बेरीज करूया'),
(53, 20, 1, 2, 'चला , वजाबाकी शिकू'),
(54, 21, 1, 2, '10 ची ओळख व लेखन'),
(55, 22, 1, 2, 'दशक समजून घेऊ'),
(56, 23, 1, 2, 'अकरा ते वीस ची ओळख व लेखन'),
(57, 24, 1, 2, 'दशक उडी'),
(58, 25, 1, 2, 'नानी - नोटा '),
(59, 26, 1, 2, '21 ते 30 ची ओळख व लेखन'),
(60, 27, 1, 2, '31 ते 40 ची ओळख व लेखन'),
(61, 28, 1, 2, '41 ते 50 ची ओळख व लेखन'),
(62, 29, 1, 2, '51 ते 60 ची ओळख व लेखन'),
(63, 30, 1, 2, '61 ते 70 ची ओळख व लेखन'),
(64, 31, 1, 2, '71 ते 80 ची ओळख व लेखन'),
(65, 32, 1, 2, '81 ते 90 ची ओळख व लेखन'),
(66, 33, 1, 2, '91 ते 100 ची ओळख व लेखन'),
(67, 34, 1, 2, 'शतकांची ओळख'),
(68, 35, 1, 2, 'बेरीज - 20 पर्यंत ची'),
(69, 36, 1, 2, 'बेरीज : पुढे मोजून'),
(70, 37, 1, 2, 'आकृतिबंध'),
(71, 38, 1, 2, 'आत-बाहेर,  रुंद - अरुंद'),
(72, 39, 1, 2, 'आकार ओळख'),
(73, 40, 1, 2, 'लांब - आखूड'),
(74, 41, 1, 2, 'सर्वात लांब -  सर्वात आखूड'),
(75, 42, 1, 2, 'सर्वात उंच - सर्वात  ठेंगणा'),
(76, 43, 1, 2, 'जड - हलका'),
(77, 44, 1, 2, 'दूर - जवळ'),
(78, 45, 1, 2, 'डावा - उजवा'),
(79, 46, 1, 2, 'कमी वेळ - जास्त वेळ'),
(80, 47, 1, 2, 'कशा नंतर काय ?'),
(81, 48, 1, 2, 'चला , मोजुया'),
(82, 1, 1, 3, 'आरोग्य'),
(83, 2, 1, 3, 'विविध हालचाली व योग्य शारीरिक स्थिती'),
(84, 3, 1, 3, 'खेळ व शर्यती'),
(85, 4, 1, 3, 'कौशल्य आत्मक उपक्रम'),
(86, 5, 1, 3, 'व्यायाम'),
(87, 6, 1, 3, 'गरजा दृष्टीत उपक्रम'),
(88, 7, 1, 3, 'अभिरुची पूरक उपक्रम'),
(89, 8, 1, 3, 'कौशल्याधिष्ठित उपक्रम'),
(90, 9, 1, 3, 'चिकउपक्रम'),
(91, 10, 1, 3, 'तंत्रज्ञान क्षेत्र'),
(92, 11, 1, 3, 'चित्र'),
(93, 12, 1, 3, 'शिल्प'),
(94, 13, 1, 3, 'गायन'),
(95, 14, 1, 3, 'वादन'),
(96, 15, 1, 3, 'नृत्य'),
(97, 16, 1, 3, 'नाट्य '),
(98, 1, 1, 4, 'Welcome Song'),
(99, 2, 1, 4, 'Greetings'),
(100, 3, 1, 4, 'English Words We Know'),
(101, 4, 1, 4, 'Rolly Polly'),
(102, 5, 1, 4, 'Rhyming Words'),
(103, 6, 1, 4, 'Words (b, c, p, t)'),
(104, 7, 1, 4, 'My Name'),
(105, 8, 1, 4, 'Fun Time'),
(106, 9, 1, 4, 'Humpty Dumpty'),
(107, 10, 1, 4, 'Action Time'),
(108, 11, 1, 4, 'Let’s Talk'),
(109, 12, 1, 4, 'Daily Words'),
(110, 13, 1, 4, 'Rain, Rain'),
(111, 14, 1, 4, 'Words (d, f, m, n)'),
(112, 15, 1, 4, 'Let’s Find'),
(113, 16, 1, 4, 'This is my head'),
(114, 17, 1, 4, 'Requests'),
(115, 18, 1, 4, 'Let’s Talk'),
(116, 19, 1, 4, 'Happy Birthday!'),
(117, 20, 1, 4, 'My Fruit Basket'),
(118, 21, 1, 4, 'Have Fun with Animals'),
(119, 22, 1, 4, 'Let’s Know New Words'),
(120, 23, 1, 4, 'Clap your hands'),
(121, 24, 1, 4, 'The Game of Addition'),
(122, 25, 1, 4, 'Row, row, row your boat'),
(123, 26, 1, 4, 'Let’s Speak'),
(124, 27, 1, 4, 'Two Silly Goats'),
(125, 28, 1, 4, 'Two Wise Goats'),
(126, 29, 1, 4, 'Words (a, e, i, o, u)'),
(127, 30, 1, 4, 'Odd Man Out'),
(128, 31, 1, 4, 'Number Song'),
(129, 32, 1, 4, 'One and Many'),
(130, 33, 1, 4, 'My Grandfather had a Farm'),
(131, 34, 1, 4, 'Words (g, j, k, q)'),
(132, 35, 1, 4, 'Magic Words'),
(133, 36, 1, 4, 'Odd Man Out'),
(134, 37, 1, 4, 'Words (v, w, x, y, z)'),
(135, 38, 1, 4, 'In the Street'),
(136, 39, 1, 4, 'Myself'),
(137, 40, 1, 4, 'Fun Time'),
(138, 41, 1, 4, 'Days of the Week'),
(139, 42, 1, 4, 'Action Time'),
(140, 43, 1, 4, 'Fun Time'),
(141, 44, 1, 4, 'We love vegetables'),
(142, 45, 1, 4, 'A Vegetable Basket'),
(143, 46, 1, 4, 'My Vegetables'),
(144, 47, 1, 4, 'Rainbow and the Colours'),
(145, 48, 1, 4, 'How Are You?'),
(146, 49, 1, 4, 'Let’s Play'),
(147, 50, 1, 4, 'Twinkle, Twinkle, Little Star'),
(148, 51, 1, 4, 'Farm House'),
(149, 52, 1, 4, 'Let’s Talk'),
(150, 53, 1, 4, 'Brush your Teeth'),
(151, 54, 1, 4, 'Good Habits'),
(152, 55, 1, 4, 'Fun Time'),
(153, 56, 1, 4, 'Who are you dear?'),
(154, 57, 1, 4, 'Word Bag'),
(155, 58, 1, 4, 'Bingo'),
(156, 59, 1, 4, 'Traffic Signals'),
(157, 60, 1, 4, 'Dressing Dolly'),
(158, 61, 1, 4, 'Get Ready for the School'),
(159, 62, 1, 4, 'Fun Time'),
(160, 63, 1, 4, 'We Like Cooking'),
(161, 64, 1, 4, 'The Fox and the Crane'),
(162, 65, 1, 4, 'English Letters'),
(163, 66, 1, 4, 'School is over'),
(164, 1, 1, 5, 'Small - Big'),
(165, 2, 1, 5, 'Behind - In front of  .'),
(166, 3, 1, 5, 'Above - Below'),
(167, 4, 1, 5, 'Earlier - Later'),
(168, 5, 1, 5, 'One - Many'),
(169, 6, 1, 5, 'Find the difference'),
(170, 7, 1, 5, 'Understand and write 1'),
(171, 8, 1, 5, 'Understand and write 2'),
(172, 9, 1, 5, 'Understand and write 3'),
(173, 10, 1, 5, 'Understand and write 4'),
(174, 11, 1, 5, 'Understand and write 5'),
(175, 12, 1, 5, 'Understand and write 6'),
(176, 13, 1, 5, 'Understand and write 7'),
(177, 14, 1, 5, 'Understand and write 8'),
(178, 15, 1, 5, 'Understand and write 9'),
(179, 16, 1, 5, 'Introduction and writing of Zero'),
(180, 17, 1, 5, 'Less - More'),
(181, 18, 1, 5, 'Increasing - Decreasing order'),
(182, 19, 1, 5, 'Let us ‘Add’'),
(183, 20, 1, 5, 'Let us learn subtraction '),
(184, 21, 1, 5, 'Introduction and writing of 10'),
(185, 22, 1, 5, 'Let us learn ‘Tens’'),
(186, 23, 1, 5, 'Introduction and writing of 11 to 20'),
(187, 24, 1, 5, 'Steps of ‘Ten’'),
(188, 25, 1, 5, 'Coins and currency notes'),
(189, 26, 1, 5, 'Introduction and writing of 21 to 30'),
(190, 27, 1, 5, 'Introduction and writing of 31 to 40'),
(191, 28, 1, 5, 'Introduction and writing of 41 to 50'),
(192, 29, 1, 5, 'Introduction and writing of 51 to 60'),
(193, 30, 1, 5, 'Introduction and writing of 61 to 70  .'),
(194, 31, 1, 5, 'Introduction and writing of 71 to 80'),
(195, 32, 1, 5, 'Introduction and writing of 81 to 90'),
(196, 33, 1, 5, 'Introduction and writing of 91 to 99'),
(197, 34, 1, 5, 'Introducing Hundred'),
(198, 35, 1, 5, 'Addition - upto 20'),
(199, 36, 1, 5, 'Addition by counting forward'),
(200, 37, 1, 5, 'Patterns'),
(201, 38, 1, 5, 'In - Out, Broad - Narrow'),
(202, 39, 1, 5, 'Identifying shapes'),
(203, 40, 1, 5, 'Long - Short'),
(204, 41, 1, 5, 'Longest - Shortest'),
(205, 42, 1, 5, 'Tall - Short '),
(206, 43, 1, 5, 'Tollest - Shortest'),
(207, 44, 1, 5, 'Heavy - Light'),
(208, 45, 1, 5, 'Near - Far'),
(209, 46, 1, 5, 'Left - Right'),
(210, 47, 1, 5, 'Less time - More time '),
(211, 48, 1, 5, 'What is next ?'),
(212, 49, 1, 5, 'Let us measure'),
(213, 50, 1, 5, 'Days of a week'),
(214, 51, 1, 5, 'Let us observe and understand'),
(215, 1, 2, 6, 'चित्रवाचन'),
(216, 2, 2, 6, ' देवा तुझे किती (  गाणे )'),
(217, 3, 2, 6, ' डिंगोरी ( कविता )'),
(218, 4, 2, 6, ' चतुर हिराबाई'),
(219, 5, 2, 6, ' फुलपाखरू ( कविता )'),
(220, 6, 2, 6, ' चंपकला शाबासकी मिळाली'),
(221, 7, 2, 6, ' वडेश बहरला '),
(222, 8, 2, 6, 'चित्रवाचन'),
(223, 9, 2, 6, ' हळूच या हो हळूच या! ( कविता )'),
(224, 10, 2, 6, 'चिंटू रुसला…... चिंटू हसला'),
(225, 11, 2, 6, ' भेळ ( कविता )'),
(226, 12, 2, 6, ' पाऊस फुले'),
(227, 13, 2, 6, ' एक तांबडा भोपळा ( कविता )'),
(228, 14, 2, 6, ' झरीपाडा '),
(229, 15, 2, 6, 'चित्रवाचन'),
(230, 16, 2, 6, ' चुलीवरची खीर ( कविता )'),
(231, 17, 2, 6, ' दिनदर्शिका'),
(232, 18, 2, 6, ' हिवाळा ( कविता )'),
(233, 19, 2, 6, ' संगणका ची करामत'),
(234, 20, 2, 6, ' कणभर तीळ ( कविता )'),
(235, 21, 2, 6, ' आपला भारत'),
(236, 22, 2, 6, ' चित्रवाचन'),
(237, 23, 2, 6, ' मंगळावरची शाळा ( कविता )'),
(238, 24, 2, 6, ' फुलांचे संमेलन'),
(239, 25, 2, 6, ' फुग्या रे ( कविता )'),
(240, 26, 2, 6, ' मांजराची दहीहंडी'),
(241, 27, 2, 6, ' चांदोबाच्या देशात ( कविता )'),
(242, 28, 2, 6, 'मोर पिसारा'),
(243, 1, 2, 7, ' चला शोधू या वेगवेगळे आकार'),
(244, 2, 2, 7, ' चला हाताळू या भौमितिक आकार'),
(245, 3, 2, 7, ' गंमत रेषेची'),
(246, 4, 2, 7, ' चला ओळखु या भौमितिक आकृत्या'),
(247, 5, 2, 7, 'संख्यांच्या जगात'),
(248, 6, 2, 7, ' संख्या वाचू लिहू या'),
(249, 7, 2, 7, ' गट करून मोजणी'),
(250, 8, 2, 7, ' चित्रात दाखवलेली संख्या'),
(251, 9, 2, 7, ' स्थानिक किंमत म्हणजे काय'),
(252, 10, 2, 7, ' संख्येचे विस्तारित रूप'),
(253, 11, 2, 7, ' टप्प्याने संख्या मोजुया'),
(254, 12, 2, 7, ' बेरजेची गंमत'),
(255, 13, 2, 7, ' बेरीज पुढे मोजून'),
(256, 14, 2, 7, ' बेरीज-  बिन हातच्याची'),
(257, 15, 2, 7, ' शून्याची बेरीज आणि वजाबाकी'),
(258, 16, 2, 7, ' गोष्टीतील बेरीज - 1'),
(259, 17, 2, 7, ' वजाबाकी ने कमी करूया'),
(260, 18, 2, 7, ' बेरीज- वजाबाकी ची जोडी'),
(261, 19, 2, 7, ' गोष्टीतील वजाबाकी'),
(262, 20, 2, 7, ' वर्षाचे महिने बारा'),
(263, 21, 2, 7, ' संख्यांचा लहान मोठेपणा'),
(264, 22, 2, 7, '  संख्येचे शेजारी :  लगतची मागची मागची व पुढची संख्या'),
(265, 23, 2, 7, ' संख्यांचा चढता उतरता क्रम'),
(266, 24, 2, 7, ' चला, संख्या तयार करूया'),
(267, 25, 2, 7, ' संख्यावाचक (  मूल्यवाचक )  क्रमवाचक शब्द'),
(268, 26, 2, 7, ' मिळू चित्रातून माहिती'),
(269, 27, 2, 7, ' खास बेरीज,  हातच्याची'),
(270, 28, 2, 7, ' गोष्टीतील बेरीज - 2'),
(271, 29, 2, 7, ' वजाबाकी साठी दशक सुटा करू'),
(272, 30, 2, 7, ', ओळखू या,  नाणी नोटा'),
(273, 31, 2, 7, ' लांबी मोजू या'),
(274, 32, 2, 7, ' वजन करूया'),
(275, 33, 2, 7, ' धारकता मोजुया'),
(276, 34, 2, 7, ' माहितीचे व्यवस्थापन'),
(277, 35, 2, 7, ' आकृतिबंध'),
(278, 36, 2, 7, ' गुणाकार पूर्वतयारी'),
(279, 37, 2, 7, ' पाढे तयार करूया'),
(280, 38, 2, 7, ' गोष्टीतील गणित'),
(281, 1, 2, 8, 'आरोग्य'),
(282, 2, 2, 8, 'विविध हालचाली व योग्य शारीरिक स्थिती'),
(283, 3, 2, 8, 'खेळ व शर्यती'),
(284, 4, 2, 8, 'कौशल्य आत्मक उपक्रम'),
(285, 5, 2, 8, 'व्यायाम'),
(286, 6, 2, 8, 'गरजा दृष्टीत उपक्रम'),
(287, 7, 2, 8, 'अभिरुची पूरक उपक्रम'),
(288, 8, 2, 8, 'कौशल्याधिष्ठित उपक्रम'),
(289, 9, 2, 8, 'चिकउपक्रम'),
(290, 10, 2, 8, 'तंत्रज्ञान क्षेत्र'),
(291, 11, 2, 8, 'चित्र'),
(292, 12, 2, 8, 'शिल्प'),
(293, 13, 2, 8, 'गायन'),
(294, 14, 2, 8, 'वादन'),
(295, 15, 2, 8, 'नृत्य'),
(296, 16, 2, 8, 'नाट्य '),
(297, 1, 2, 9, 'Bounce a Ball'),
(298, 2, 2, 9, 'Activity Time'),
(299, 3, 2, 9, 'Let’s Speak'),
(300, 4, 2, 9, 'Let’s  revise'),
(301, 5, 2, 9, 'Fun with Alphabet'),
(302, 6, 2, 9, 'Activity Time'),
(303, 7, 2, 9, 'Let’s Speak'),
(304, 8, 2, 9, 'Word  Basket'),
(305, 9, 2, 9, 'Learning Letters'),
(306, 10, 2, 9, 'Animal Song'),
(307, 11, 2, 9, 'Reading Time'),
(308, 12, 2, 9, 'Birds  can Fly'),
(309, 13, 2, 9, 'Activity Time'),
(310, 14, 2, 9, 'Let’s Speak'),
(311, 15, 2, 9, 'The Lion and the Mouse'),
(312, 16, 2, 9, 'Word Basket'),
(313, 17, 2, 9, 'Learning Letters'),
(314, 18, 2, 9, 'Tony Tinker'),
(315, 19, 2, 9, 'Activity Time'),
(316, 20, 2, 9, 'Let’s Speak'),
(317, 21, 2, 9, 'Numbers 11 to 20'),
(318, 22, 2, 9, 'The Visit to Grandmother'),
(319, 23, 2, 9, 'Action Song'),
(320, 24, 2, 9, 'Activity Time'),
(321, 25, 2, 9, 'Let’s Speak'),
(322, 26, 2, 9, 'Word Basket'),
(323, 27, 2, 9, 'Know the Occupations'),
(324, 28, 2, 9, 'ZOOM, ZOOM, ZOOM'),
(325, 29, 2, 9, 'Let’s Speak'),
(326, 30, 2, 9, 'Word Basket'),
(327, 31, 2, 9, 'Learning Letters'),
(328, 32, 2, 9, 'Fun with Letters'),
(329, 33, 2, 9, 'Reading Time'),
(330, 34, 2, 9, 'The Squirrel'),
(331, 35, 2, 9, 'Calender'),
(332, 36, 2, 9, 'Let’s Speak'),
(333, 37, 2, 9, 'Who is Better ?'),
(334, 38, 2, 9, 'Word Basket'),
(335, 39, 2, 9, 'Learning Letters'),
(336, 40, 2, 9, 'Crossing the Road'),
(337, 41, 2, 9, 'Activity Time'),
(338, 42, 2, 9, 'Let’s Speak'),
(339, 43, 2, 9, 'Word  Building'),
(340, 44, 2, 9, 'Reading Time'),
(341, 1, 2, 10, 'Let’s find the Shapes !'),
(342, 2, 2, 10, 'Let’s handle geometric shapes'),
(343, 3, 2, 10, 'Fun with Line'),
(344, 4, 2, 10, 'Let’s identify geometrical shapes'),
(345, 5, 2, 10, 'In the world of numbers'),
(346, 6, 2, 10, 'Let’s read and write in words '),
(347, 7, 2, 10, 'Counting in groups'),
(348, 8, 2, 10, 'Number given in a picture'),
(349, 9, 2, 10, 'What is the meaning of ‘Place Value’ ?'),
(350, 10, 2, 10, 'The expanded form of a number'),
(351, 11, 2, 10, 'Let’s count numbers in steps'),
(352, 12, 2, 10, 'Fun with Addition'),
(353, 13, 2, 10, 'Addition-by counting forward '),
(354, 14, 2, 10, ' Addition – without carry over'),
(355, 15, 2, 10, 'Addition and subtraction of Zero'),
(356, 16, 2, 10, 'Stories of Addition -1'),
(357, 17, 2, 10, 'Let’s reduce by subtraction'),
(358, 18, 2, 10, 'Addition and subtraction- a pair'),
(359, 19, 2, 10, 'A subtraction story'),
(360, 20, 2, 10, 'Twelve Months in a Year'),
(361, 21, 2, 10, 'Comparing numbers'),
(362, 22, 2, 10, 'Neighbouring numbers on each side'),
(363, 23, 2, 10, 'Ascending and Descending order of numbers '),
(364, 24, 2, 10, 'Come, let’s make numbers'),
(365, 25, 2, 10, 'Cardinal numbers Ordinal numbers'),
(366, 26, 2, 10, 'Reading Pictures '),
(367, 27, 2, 10, 'A special way to add-by carrying over'),
(368, 28, 2, 10, 'Stories of Addition -2'),
(369, 29, 2, 10, ' Let’s untie a ten in order to subtract '),
(370, 30, 2, 10, 'Do you know Notes and Coins ?'),
(371, 31, 2, 10, 'Let’s measure Length'),
(372, 32, 2, 10, 'Let’s weigh'),
(373, 33, 2, 10, 'Let’s measure Capacity'),
(374, 34, 2, 10, 'Managing Information'),
(375, 35, 2, 10, 'Patterns'),
(376, 36, 2, 10, 'Multiplication Preparation'),
(377, 37, 2, 10, 'Let’s make Tables'),
(378, 38, 2, 10, 'Maths in a story .'),
(379, 1, 3, 11, ' रानवेडी (  कविता )'),
(380, 2, 3, 11, ' वासाची किंमत'),
(381, 3, 3, 11, ' पडघम वरती टिपरी पडली (  कविता )'),
(382, 4, 3, 11, ' पाणी किती खोल ? '),
(383, 5, 3, 11, ' एकदा गंमत झाली'),
(384, 6, 3, 11, ' हिक्के होक्के मरांग उरस्काट (  कविता )'),
(385, 7, 3, 11, ' मुग्धा लिहू लागली'),
(386, 8, 3, 11, ' ते अमर हुतात्मे झाले ! (  कविता )'),
(387, 9, 3, 11, ' शेरास सव्वाशेर'),
(388, 10, 3, 11, ' आमचा शब्दकोश '),
(389, 11, 3, 11, 'स्वच्छतेचे प्रसारक संत गाडगेबाबा'),
(390, 12, 3, 11, ' प्रवास कचऱ्याचा'),
(391, 13, 3, 11, ' प्रकाशातले तारे तुम्ही (  कविता )'),
(392, 14, 3, 11, ' खजिना शोध'),
(393, 15, 3, 11, ' सुट्टीच्या दिवसात (  कविता )'),
(394, 16, 3, 11, ' सण - आनंदाचा क्षण'),
(395, 17, 3, 11, 'रानपाखरा (  कविता )'),
(396, 18, 3, 11, ' मजेशीर होड्या'),
(397, 19, 3, 11, ' सुगी (  कविता )'),
(398, 20, 3, 11, ' एक भारतीय संशोधक'),
(399, 21, 3, 11, ' दोस्त (  कविता )'),
(400, 22, 3, 11, ' मधमाशीने केली कमाल ! '),
(401, 23, 3, 11, ' रमाई भिमराव आंबेडकर'),
(402, 24, 3, 11, ' ट्रॅफिक दादा (  कविता )'),
(403, 25, 3, 11, ' चित्रे'),
(404, 26, 3, 11, ' रोपटे '),
(405, 1, 3, 12, 'Play Time'),
(406, 2, 3, 12, 'Revision-1'),
(407, 3, 3, 12, 'A Guessing Game'),
(408, 4, 3, 12, 'Revision-2'),
(409, 5, 3, 12, 'Spot the letter !'),
(410, 6, 3, 12, 'b-c-p-t'),
(411, 7, 3, 12, 'Priya in the Village - 1'),
(412, 8, 3, 12, 'Riya in the City - 1'),
(413, 9, 3, 12, 'Priya in the Village - 2'),
(414, 10, 3, 12, 'Riya in the City - 2'),
(415, 11, 3, 12, 'd-f-m-n'),
(416, 12, 3, 12, 'More or Less'),
(417, 13, 3, 12, 'Days of the Week'),
(418, 14, 3, 12, 'Who are you ?'),
(419, 15, 3, 12, 'Revision-3'),
(420, 16, 3, 12, 'Can you... ?'),
(421, 17, 3, 12, 'Strings of Actions'),
(422, 18, 3, 12, 'a-e-i'),
(423, 19, 3, 12, 'o-u'),
(424, 20, 3, 12, 'Apples and Bananas'),
(425, 21, 3, 12, 'We can read and write ! 1'),
(426, 22, 3, 12, 'Action Time-1'),
(427, 23, 3, 12, 'Let’s speak.'),
(428, 24, 3, 12, 'h-l-r-s'),
(429, 25, 3, 12, 'We can read and write ! 2'),
(430, 26, 3, 12, 'Please help !'),
(431, 27, 3, 12, 'We are all together !'),
(432, 28, 3, 12, 'Plant Magic'),
(433, 29, 3, 12, 'Action Time -2'),
(434, 30, 3, 12, 'g-j-k-q'),
(435, 31, 3, 12, 'Words and Puzzles'),
(436, 32, 3, 12, 'We have something in our mind.'),
(437, 33, 3, 12, 'Kind Kondiba'),
(438, 34, 3, 12, 'v-w'),
(439, 35, 3, 12, 'x-y-z'),
(440, 36, 3, 12, 'An Alphabet Song'),
(441, 37, 3, 12, 'Opposites'),
(442, 38, 3, 12, 'Three Little Kittens'),
(443, 39, 3, 12, 'Riddles'),
(444, 40, 3, 12, 'Capital Letters - 1'),
(445, 41, 3, 12, 'Capital Letters - 2'),
(446, 42, 3, 12, 'Lots to Do with Letters'),
(447, 43, 3, 12, 'Mix a Pancake'),
(448, 44, 3, 12, 'Banana Delight'),
(449, 45, 3, 12, 'Action Words'),
(450, 46, 3, 12, 'The Sun and the Wind'),
(451, 47, 3, 12, 'Weather Words'),
(452, 48, 3, 12, 'Mottos'),
(453, 49, 3, 12, 'Mary had a little lamb.'),
(454, 50, 3, 12, 'Map Reading'),
(455, 51, 3, 12, 'Travel Manners'),
(456, 52, 3, 12, 'The Best Person in Town'),
(457, 53, 3, 12, 'Spelling Fun'),
(458, 54, 3, 12, 'My mobile is ringing.'),
(459, 55, 3, 12, 'A Lovely Bird in the Garden'),
(460, 56, 3, 12, 'Let’s speak.'),
(461, 57, 3, 12, 'Matching Parts'),
(462, 58, 3, 12, 'Messages'),
(463, 59, 3, 12, 'Guess the words.'),
(464, 60, 3, 12, 'In the World of Letters'),
(465, 61, 3, 12, 'Rahim and his Camel'),
(466, 62, 3, 12, 'Faces and Feelings'),
(467, 63, 3, 12, 'Amit feels like this.'),
(468, 64, 3, 12, 'Find a friend !'),
(469, 65, 3, 12, 'Let’s speak.'),
(470, 66, 3, 12, 'Speak or Pass'),
(471, 67, 3, 12, 'A Lot of Work to Do'),
(472, 68, 3, 12, 'See you, later…'),
(473, 1, 3, 13, 'भौमितिक आकृत्यांची ओळख'),
(474, 2, 3, 13, ' संख्या ज्ञान'),
(475, 3, 3, 13, ' बेरीज :  बिन हातच्याची'),
(476, 4, 3, 13, ' वजाबाकी :  बिन हातच्याची'),
(477, 5, 3, 13, '  गुणाकार'),
(478, 6, 3, 13, ' नाणी व नोटा'),
(479, 7, 3, 13, ' मापन'),
(480, 8, 3, 13, ' आकृतीबंध'),
(481, 9, 3, 13, '  सममिती'),
(482, 10, 3, 13, ' बेरीज :  हातच्याची'),
(483, 11, 3, 13, ' वजाबाकी :  हातच्याची'),
(484, 12, 3, 13, ' गुणाकार'),
(485, 13, 3, 13, ' भागाकार'),
(486, 14, 3, 13, ' काल मापन'),
(487, 15, 3, 13, ' दिनदर्शिका'),
(488, 16, 3, 13, ' अपूर्णांक'),
(489, 17, 3, 13, ' माहितीचे व्यवस्थापन'),
(490, 1, 3, 14, 'आरोग्य'),
(491, 2, 3, 14, 'विविध हालचाली व योग्य शारीरिक स्थिती'),
(492, 3, 3, 14, 'खेळ व शर्यती'),
(493, 4, 3, 14, 'कौशल्य आत्मक उपक्रम'),
(494, 5, 3, 14, 'व्यायाम'),
(495, 6, 3, 14, 'गरजा दृष्टीत उपक्रम'),
(496, 7, 3, 14, 'अभिरुची पूरक उपक्रम'),
(497, 8, 3, 14, 'कौशल्याधिष्ठित उपक्रम'),
(498, 9, 3, 14, 'चिकउपक्रम'),
(499, 10, 3, 14, 'तंत्रज्ञान क्षेत्र'),
(500, 11, 3, 14, 'चित्र'),
(501, 12, 3, 14, 'शिल्प'),
(502, 13, 3, 14, 'गायन'),
(503, 14, 3, 14, 'वादन'),
(504, 15, 3, 14, 'नृत्य'),
(505, 16, 3, 14, 'नाट्य '),
(506, 1, 3, 15, 'आपल्या अवतीभवती'),
(507, 2, 3, 15, ' अबब ! किती प्रकारचे हे प्राणी'),
(508, 3, 3, 15, ' निवारा आपला आपला'),
(509, 4, 3, 15, ' दिशा आणि नकाशा'),
(510, 5, 3, 15, ' काळाची समज'),
(511, 6, 3, 15, ' आपल्या गावाची ओळख'),
(512, 7, 3, 15, ' आपले गाव,  आपले शहर'),
(513, 8, 3, 15, ' आपली पाण्याची गरज'),
(514, 9, 3, 15, ' पाणी नक्की येते कुठून ? '),
(515, 10, 3, 15, ' पाण्याविषयी थोडी माहिती'),
(516, 11, 3, 15, ' आपली हवेची गरज'),
(517, 12, 3, 15, ' आपली अन्नाची गरज'),
(518, 13, 3, 15, ' आपला आहार'),
(519, 14, 3, 15, ' स्वयंपाक घरात जाऊया…..'),
(520, 15, 3, 15, ' आपले शरीर'),
(521, 16, 3, 15, ' ज्ञानेंद्रिये'),
(522, 17, 3, 15, ' सुंदर दात, स्वच्छ शरीर ! '),
(523, 18, 3, 15, 'माझे कुटुंब आणि घर'),
(524, 19, 3, 15, ' माझी शाळा'),
(525, 20, 3, 15, ' आपले समूहजीवन'),
(526, 21, 3, 15, ' समूह जीवनासाठी सार्वजनिक व्यवस्था'),
(527, 22, 3, 15, ' आपल्या गरजा कोण पुरवतात ? '),
(528, 23, 3, 15, ' वय जसे जसे वाढते '),
(529, 24, 3, 15, 'आपले कपडे'),
(530, 25, 3, 15, ' अवतीभवती होणारे बदल'),
(531, 26, 3, 15, ' तिसरी तून चौथीत जाताना'),
(532, 1, 3, 16, 'Introduction to Geometrical Figures'),
(533, 2, 3, 16, ' Number Work'),
(534, 3, 3, 16, ' Addition without Carrying Over'),
(535, 4, 3, 16, ' Subtraction Without Borrowing'),
(536, 5, 3, 16, ' Multiplication'),
(537, 6, 3, 16, ' Coins and Currency Notes'),
(538, 7, 3, 16, ' Measurement'),
(539, 8, 3, 16, ' Patterns'),
(540, 9, 3, 16, ' Symmetry'),
(541, 10, 3, 16, ' Addition by Carrying Over'),
(542, 11, 3, 16, ' Subtraction by Borrowing'),
(543, 12, 3, 16, ' Multiplications'),
(544, 13, 3, 16, ' Division'),
(545, 14, 3, 16, ' Measurement of Time'),
(546, 15, 3, 16, ' The Calendar'),
(547, 16, 3, 16, ' Fractions'),
(548, 17, 3, 16, ' Handling Data '),
(549, 1, 4, 17, ' धरतीची आम्ही लेकरं  (  कविता )'),
(550, 2, 4, 17, ' बोलणारी नदी'),
(551, 3, 4, 17, ' आम्हालाही हवाय मोबाईल ! (  नाट्यछटा )'),
(552, 4, 4, 17, ' या भारतात…..(  कविता )'),
(553, 5, 4, 17, ' मला शिकायचंय !'),
(554, 6, 4, 17, ' मायेची पाखरं'),
(555, 7, 4, 17, ' धूळपेरणी (  कविता )'),
(556, 8, 4, 17, ' गुणग्राहक राजा'),
(557, 9, 4, 17, ' ईदगाह'),
(558, 10, 4, 17, ' धाडसी हाली (  मुलाखात )'),
(559, 11, 4, 17, ' नाखवादादा …. नाखवादादा ( कविता )'),
(560, 12, 4, 17, ' वाटाड्या'),
(561, 13, 4, 17, ' चवदार तळ्याचे पाणी (  कविता )'),
(562, 14, 4, 17, ' मिठाचा शोध '),
(563, 15, 4, 17, 'आनंदाचं झाड'),
(564, 1, 4, 18, 'An Action Song'),
(565, 2, 4, 18, 'Circles -1'),
(566, 3, 4, 18, 'Words from Letters '),
(567, 4, 4, 18, 'A Garden of Words'),
(568, 5, 4, 18, 'One at a Time'),
(569, 6, 4, 18, 'Four Things about me'),
(570, 7, 4, 18, 'Raindrops'),
(571, 8, 4, 18, 'A Guessing Game'),
(572, 9, 4, 18, 'In the Park'),
(573, 10, 4, 18, 'Action Words and Phrases'),
(574, 11, 4, 18, 'Row your boat.'),
(575, 12, 4, 18, 'A Garden of Words'),
(576, 13, 4, 18, 'The Hare and the Tortoise'),
(577, 14, 4, 18, 'Categories'),
(578, 15, 4, 18, 'To the Market'),
(579, 16, 4, 18, 'Munnu’s Maths'),
(580, 17, 4, 18, 'Circles -2'),
(581, 18, 4, 18, 'A Team of Workers'),
(582, 19, 4, 18, 'Fresh Food'),
(583, 20, 4, 18, 'In a Biscuit Factory'),
(584, 21, 4, 18, 'Let’s talk.'),
(585, 22, 4, 18, 'Time Poems'),
(586, 23, 4, 18, 'A Garden of Words'),
(587, 24, 4, 18, 'The sky is falling !'),
(588, 25, 4, 18, 'Responses'),
(589, 26, 4, 18, 'A Recipe'),
(590, 27, 4, 18, 'Something Special'),
(591, 28, 4, 18, 'From the Postbox -1'),
(592, 29, 4, 18, 'How Birds Fly'),
(593, 30, 4, 18, 'Little Brown Sparrows '),
(594, 31, 4, 18, 'Circles -3 '),
(595, 32, 4, 18, 'Namita Didi’s Time-table'),
(596, 33, 4, 18, 'Good Habits'),
(597, 34, 4, 18, 'Word Building'),
(598, 35, 4, 18, 'A Garden of Words'),
(599, 36, 4, 18, 'Maya’s Dream'),
(600, 37, 4, 18, 'Building Sentences'),
(601, 38, 4, 18, 'Messages'),
(602, 39, 4, 18, 'From the Postbox -2'),
(603, 40, 4, 18, 'Group Telephone'),
(604, 41, 4, 18, 'Clouds'),
(605, 42, 4, 18, 'The Man who Cried Wolf'),
(606, 43, 4, 18, 'Minding the Class'),
(607, 44, 4, 18, 'Change'),
(608, 45, 4, 18, 'Changing Sentences'),
(609, 46, 4, 18, 'A Garden of Words'),
(610, 47, 4, 18, 'The Golden Fish'),
(611, 48, 4, 18, 'Circles  - 4'),
(612, 49, 4, 18, 'From the Postbox -3'),
(613, 50, 4, 18, 'At the Bottom of the Ocean'),
(614, 51, 4, 18, 'A Visit to a Garden'),
(615, 52, 4, 18, 'Riddles'),
(616, 53, 4, 18, 'An Action Rhyme'),
(617, 54, 4, 18, 'The Kingdom of Plants'),
(618, 55, 4, 18, 'I want to tell you…'),
(619, 56, 4, 18, 'A Garden of Words'),
(620, 57, 4, 18, 'A  Never - ending  Story'),
(621, 58, 4, 18, 'Five Fluffy Little Robins'),
(622, 59, 4, 18, 'Good Manners'),
(623, 60, 4, 18, 'Order,  order !'),
(624, 61, 4, 18, 'Time to Laugh'),
(625, 1, 4, 19, 'भौमितिक आकृत्या'),
(626, 2, 4, 19, ' संख्याज्ञान'),
(627, 3, 4, 19, ' बेरीज'),
(628, 4, 4, 19, ' वजाबाकी'),
(629, 5, 4, 19, ' गुणाकार:  भाग 1'),
(630, 6, 4, 19, ' भागाकार:  भाग 1'),
(631, 7, 4, 19, ' नाणी व नोटा'),
(632, 8, 4, 19, ' काल मापन'),
(633, 9, 4, 19, ' शाब्दिक उदाहरणे:  बेरीज- वजाबाकी'),
(634, 10, 4, 19, ' अपूर्णांक'),
(635, 11, 4, 19, ' मापन'),
(636, 12, 4, 19, ' परिमिती व क्षेत्रफळ'),
(637, 13, 4, 19, ' गुणाकार:  भाग 2'),
(638, 14, 4, 19, ' भागाकार:  भाग 2'),
(639, 15, 4, 19, ' चित्रा लेख'),
(640, 16, 4, 19, ' आकृतिबंध'),
(641, 1, 4, 20, 'प्राण्यांचा जीवनक्रम'),
(642, 2, 4, 20, ' सजीवांचे परस्परांशी नाते'),
(643, 3, 4, 20, ' साठवण पाण्याची'),
(644, 4, 4, 20, ' पिण्याचे पाणी'),
(645, 5, 4, 20, ' घरोघरी पाणी'),
(646, 6, 4, 20, ' अन्नातील विविधता'),
(647, 7, 4, 20, ' आहाराची पौष्टिकता'),
(648, 8, 4, 20, ' मोलाचे अन्न'),
(649, 9, 4, 20, ' हवा'),
(650, 10, 4, 20, ' वस्त्र'),
(651, 11, 4, 20, ' पाहू तरी शरीराच्या आत'),
(652, 12, 4, 20, ' छोटे आजार,  घरगुती उपचार'),
(653, 13, 4, 20, ' दिशा व नकाशा'),
(654, 14, 4, 20, ' नकाशा आणि खुणा'),
(655, 15, 4, 20, ' माझा जिल्हा माझे राज्य'),
(656, 16, 4, 20, ' दिवस व रात्र'),
(657, 17, 4, 20, ' माझी जडणघडण'),
(658, 18, 4, 20, ' कुटुंब आणि शेजारात होत असलेले बदल'),
(659, 19, 4, 20, ' माझी आनंददायी शाळा'),
(660, 20, 4, 20, ' माझी जबाबदारी आणि संवेदनशीलता'),
(661, 21, 4, 20, ' समूह जीवनासाठी व्यवस्थापन'),
(662, 22, 4, 20, ' वाहतूक व संदेशवहन'),
(663, 23, 4, 20, ' नैसर्गिक आपत्ती'),
(664, 24, 4, 20, ' आपण परिसर धोक्यात आणत आहोत का ? '),
(665, 1, 4, 21, 'शिवजन्मापूर्वीचा महाराष्ट्र'),
(666, 2, 4, 21, ' संतांची कामगिरी '),
(667, 3, 4, 21, 'मराठा सरदार - भोसल्यांचे कर्तबगार घराणे'),
(668, 4, 4, 21, ' शिवरायांचे बालपण'),
(669, 5, 4, 21, ' शिवरायांचे शिक्षण'),
(670, 6, 4, 21, ' स्वराज्य स्थापनेची प्रतिज्ञा'),
(671, 7, 4, 21, ' स्वराज्याचे तोरण बांधले'),
(672, 8, 4, 21, ' स्वकीय शत्रूंचा बंदोबस्त'),
(673, 9, 4, 21, ' प्रतापगडावरील पराक्रम'),
(674, 10, 4, 21, ' शर्तीने खिंड लढवली'),
(675, 11, 4, 21, ' शाहिस्तेखानाची फजिती'),
(676, 12, 4, 21, ' पुरंदरचा वेढा व तह'),
(677, 13, 4, 21, ' बादशहाच्या हातावर तुरी दिल्या'),
(678, 14, 4, 21, ',  गड  आला,  पण सिंह गेला'),
(679, 15, 4, 21, ' एक अपूर्व सोहळा'),
(680, 16, 4, 21, ' दक्षिणेतील मोहीम'),
(681, 17, 4, 21, ' गडकोटांचे आणि आरमाराचे व्यवस्थापन'),
(682, 18, 4, 21, ' लोक कल्याणकारी स्वराज्याचे व्यवस्थापन'),
(683, 1, 4, 22, 'The Life Cycle of Animals'),
(684, 2, 4, 22, ' The Interrelationship between Lliving Things'),
(685, 3, 4, 22, ' Storage of Water'),
(686, 4, 4, 22, ' Water Safe for drinking'),
(687, 5, 4, 22, ' Water for every household'),
(688, 6, 4, 22, ' Variety  in food'),
(689, 7, 4, 22, ' Food and Nutrition'),
(690, 8, 4, 22, ' The Value of Food'),
(691, 9, 4, 22, '  Air'),
(692, 10, 4, 22, '  Clothes'),
(693, 11, 4, 22, ' A Look Inside The Body'),
(694, 12, 4, 22, ' Home Remedies for Simple Illness'),
(695, 13, 4, 22, ' Directions and Maps'),
(696, 14, 4, 22, ' Maps and Symbols'),
(697, 15, 4, 22, ' My District My State'),
(698, 16, 4, 22, ' Day and Night'),
(699, 17, 4, 22, ' My Upbringing'),
(700, 18, 4, 22, ' Changes in the Family and Neighbourhood'),
(701, 19, 4, 22, ' My Delightful School'),
(702, 20, 4, 22, ' I shall be Responsible and Sensitive'),
(703, 21, 4, 22, ' Management of Community Life'),
(704, 22, 4, 22, ' Transport and Communication'),
(705, 23, 4, 22, ' Natural Disasters'),
(706, 24, 4, 22, ' Are we endangering  our Environment ?'),
(707, 1, 4, 23, 'Maharashtra before Shivaji'),
(708, 2, 4, 23, ' Work of the Saints'),
(709, 3, 4, 23, ' Maratha Sardars  The Famous house of the Bhosale'),
(710, 4, 4, 23, ' Shivaji Childhood'),
(711, 5, 4, 23, ' Shivaji\'s Education'),
(712, 6, 4, 23, ' The Oath of Swarajya'),
(713, 7, 4, 23, ' Swarajya :  First Conquest'),
(714, 8, 4, 23, ' Defeat of Internal Enemies'),
(715, 9, 4, 23, ' Pratapgad makes History'),
(716, 10, 4, 23, ' Baji Prabhu and the Memorable Battle of Ghodkhind'),
(717, 11, 4, 23, ' The Discomfiture of Shaista Khan'),
(718, 12, 4, 23, ' The Siege of Purandar and Treaty with the Mughal Empire'),
(719, 13, 4, 23, ' Shivaji gives the slip to the Emperor'),
(720, 14, 4, 23, ' The Fort is Captured but the Lion is Dead'),
(721, 15, 4, 23, ' A Memorable Ceremony '),
(722, 16, 4, 23, ' Campaign in the South'),
(723, 17, 4, 23, ' Management of Forts and Navy'),
(724, 18, 4, 23, ' Management of the Welfare State of Swaraj'),
(725, 1, 4, 24, 'Geometrical figures'),
(726, 2, 4, 24, ' Number Work'),
(727, 3, 4, 24, ' Addition'),
(728, 4, 4, 24, ' Subtraction'),
(729, 5, 4, 24, ' Multiplication :  Part 1'),
(730, 6, 4, 24, ' Division :  Part 1'),
(731, 7, 4, 24, ' Coins and Notes'),
(732, 8, 4, 24, ' Measuring Time'),
(733, 9, 4, 24, ' Word Problems :  Addition and Subtraction'),
(734, 10, 4, 24, ' Fractions'),
(735, 11, 4, 24, ' Measurement'),
(736, 12, 4, 24, ' Perimeter and Area'),
(737, 13, 4, 24, ' Multiplication : Part 2'),
(738, 14, 4, 24, ' Division :  Part 2'),
(739, 15, 4, 24, ' Pictographs'),
(740, 16, 4, 24, ' Patterns'),
(741, 1, 5, 25, 'माय मराठी ! (  गाणे )'),
(742, 2, 5, 25, ' बंडूची इजार ( चित्रकथा )'),
(743, 3, 5, 25, ' वल्लवा र वल्लवा (  गाणे )'),
(744, 4, 5, 25, ' सावरपाडा एक्सप्रेस :  कविता राऊत'),
(745, 5, 5, 25, ' मुंग्यांच्या जगात'),
(746, 6, 5, 25, ' माहेर ( कविता )'),
(747, 7, 5, 25, ' अरण्यलिपी'),
(748, 8, 5, 25, ' प्रिय  बाई…..'),
(749, 9, 5, 25, ' जनाई '),
(750, 10, 5, 25, 'रंग जादूचे पेटीमधले ( कविता )'),
(751, 11, 5, 25, ' कठीण समय येता….'),
(752, 12, 5, 25, ' माळीन गाव :  एक घटना'),
(753, 13, 5, 25, ' सण एक दिन !  ( कविता )'),
(754, 1, 5, 26, 'Ato Z'),
(755, 2, 5, 26, 'We Speak English'),
(756, 3, 5, 26, 'Number Work'),
(757, 4, 5, 26, 'B-I-N-G-O'),
(758, 5, 5, 26, 'Vanishing Sentences'),
(759, 6, 5, 26, 'Talking about Things -1'),
(760, 7, 5, 26, 'Sentence Race'),
(761, 8, 5, 26, 'Say ‘Yes’ or ‘No’ !'),
(762, 9, 5, 26, 'Talking about Things -2'),
(763, 10, 5, 26, 'Action Time'),
(764, 11, 5, 26, 'Words We Know'),
(765, 12, 5, 26, 'Cuckoo'),
(766, 13, 5, 26, 'The Little Red Hen'),
(767, 14, 5, 26, 'Just  now !'),
(768, 15, 5, 26, 'True Friends'),
(769, 16, 5, 26, 'Keeping Quiet'),
(770, 17, 5, 26, 'Interviews'),
(771, 18, 5, 26, 'Friendly Plans'),
(772, 19, 5, 26, 'More than a Hundred Words'),
(773, 20, 5, 26, 'Trains'),
(774, 21, 5, 26, 'The Little Babul Tree'),
(775, 22, 5, 26, 'Lots of Things Together'),
(776, 23, 5, 26, 'Know your Body'),
(777, 24, 5, 26, 'Alyonushka'),
(778, 25, 5, 26, 'One Thing at a Time'),
(779, 26, 5, 26, 'Pen-friends'),
(780, 27, 5, 26, 'How Creatures Move'),
(781, 28, 5, 26, 'Location Games'),
(782, 29, 5, 26, 'Collection of English Texts'),
(783, 30, 5, 26, 'Shapes and Maps'),
(784, 31, 5, 26, 'Tock, Tock, Tong, Tong, '),
(785, 32, 5, 26, 'On the Time-line'),
(786, 33, 5, 26, 'I speak, I say, I talk.'),
(787, 34, 5, 26, 'Science Fun-fair'),
(788, 35, 5, 26, 'The Wind'),
(789, 36, 5, 26, '‘Go !’  and  ‘Come !’'),
(790, 37, 5, 26, 'The Golden Touch'),
(791, 38, 5, 26, 'Where Go the Boats ?'),
(792, 39, 5, 26, 'Our Solar System'),
(793, 40, 5, 26, 'Guess  what !'),
(794, 41, 5, 26, 'A Book Speaks'),
(795, 42, 5, 26, 'George Washington Carver'),
(796, 43, 5, 26, 'Question Bank'),
(797, 44, 5, 26, 'Dice for your Game'),
(798, 45, 5, 26, 'All about Money'),
(799, 46, 5, 26, 'Only One Mother'),
(800, 47, 5, 26, 'At the Market'),
(801, 48, 5, 26, 'He Knows the Workman'),
(802, 49, 5, 26, 'NOWI KNOW !'),
(803, 1, 5, 27, ' रोमन संख्याचिन्हे'),
(804, 2, 5, 27, ' संख्याज्ञान'),
(805, 3, 5, 27, ' बेरीज वजाबाकी'),
(806, 4, 5, 27, ' गुणाकार व भागाकार'),
(807, 5, 5, 27, ' अपूर्णांक'),
(808, 6, 5, 27, ' कोण'),
(809, 7, 5, 27, ' वर्तुळ'),
(810, 8, 5, 27, ' विभाज्य आणि विभाजक'),
(811, 9, 5, 27, ' दशांश अपूर्णांक'),
(812, 10, 5, 27, ' कालमापन'),
(813, 11, 5, 27, ' मापनावरील उदाहरणे'),
(814, 12, 5, 27, ' परिमिती व क्षेत्रफळ'),
(815, 13, 5, 27, ' त्रिमितीय वस्तू व घडणी'),
(816, 14, 5, 27, ' चित्रा लेख'),
(817, 15, 5, 27, ' आकृतिबंध'),
(818, 16, 5, 27, ' बीजगणिताची पूर्वतयारी'),
(819, 1, 5, 28, ' नंदनवन'),
(820, 2, 5, 28, ' बूंदे'),
(821, 3, 5, 28, ' योग्य चुनाव'),
(822, 4, 5, 28, ' कश्मीरा'),
(823, 5, 5, 28, '  पहचान हमारी भाग 1'),
(824, 6, 5, 28, ' पेटूराम'),
(825, 7, 5, 28, ' बधाई कार्ड'),
(826, 8, 5, 28, ' करो और  जानो'),
(827, 9, 5, 28, ' नीम'),
(828, 10, 5, 28, ' गड़ा धन'),
(829, 11, 5, 28, ' मित्रता'),
(830, 12, 5, 28, ' बचत'),
(831, 13, 5, 28, ' पहचान हमारी भाग दोन'),
(832, 14, 5, 28, ' मैं सड़क हूं'),
(833, 15, 5, 28, ' व्यायाम'),
(834, 16, 5, 28, ' बोलो और जानू'),
(835, 17, 5, 28, ' गांव और शहर'),
(836, 18, 5, 28, ' जीवन'),
(837, 19, 5, 28, ' भाई भाई का प्रेम'),
(838, 20, 5, 28, ' बालिका दिवस'),
(839, 21, 5, 28, ' रोबोट'),
(840, 22, 5, 28, ' जुड़े हम'),
(841, 23, 5, 28, ' बोध / समान विरुद्ध'),
(842, 24, 5, 28, ' बीज'),
(843, 25, 5, 28, ' मुझे पहचानो'),
(844, 26, 5, 28, ' मुझे जानो'),
(845, 27, 5, 28, ' वीरों को प्रणाम'),
(846, 28, 5, 28, ' सपूत'),
(847, 29, 5, 28, ' राष्ट्रीय त्योहार'),
(848, 30, 5, 28, ' हम अलग रूप एक /  छुक छुक गाड़ी'),
(849, 31, 5, 28, '  ज्ञानी'),
(850, 32, 5, 28, ' बचाव.'),
(851, 33, 5, 28, ' निरीक्षण'),
(852, 34, 5, 28, ' चलो चलें'),
(853, 1, 5, 29, 'आपली पृथ्वी-आपली सूर्यमाला'),
(854, 2, 5, 29, 'पृथ्वीचे फिरणे'),
(855, 3, 5, 29, ' पृथ्वी आणि जीवसृष्टी'),
(856, 4, 5, 29, ' पर्यावरणाचे संतुलन'),
(857, 5, 5, 29, ' कुटुंबातील मूल्ये'),
(858, 6, 5, 29, ' नियम सर्वांसाठी'),
(859, 7, 5, 29, ' आपण सोडवू आपले प्रश्न'),
(860, 8, 5, 29, ' सार्वजनिक सुविधा आणि माझी शाळा'),
(861, 9, 5, 29, ' नकाशा :  आपला सोबती'),
(862, 10, 5, 29, ' ओळख भारताची'),
(863, 11, 5, 29, ' आपले घर व पर्यावरण'),
(864, 12, 5, 29, ' सर्वांसाठी अन्न'),
(865, 13, 5, 29, ' अन्न टिकवण्याच्या पद्धती'),
(866, 14, 5, 29, ' वाहतूक'),
(867, 15, 5, 29, ' संदेशवहन व प्रसार माध्यमे'),
(868, 16, 5, 29, ' पाणी'),
(869, 17, 5, 29, ' वस्त्र -  आपली गरज'),
(870, 18, 5, 29, ' पर्यावरण आणि आपण'),
(871, 19, 5, 29, ' अन्नघटक '),
(872, 20, 5, 29, 'आपले भावनिक जग'),
(873, 21, 5, 29, ' कामात व्यस्त आपली आंतरेंद्रिये'),
(874, 22, 5, 29, ' वाढ आणि व्यक्तिमत्व विकास'),
(875, 23, 5, 29, ' संसर्गजन्य रोग आणि रोगप्रतिबंध'),
(876, 24, 5, 29, ' पदार्थ, वस्तू आणि ऊर्जा'),
(877, 25, 5, 29, ' सामाजिक आरोग्य'),
(878, 1, 5, 30, 'इतिहास म्हणजे काय ?'),
(879, 2, 5, 30, ' इतिहास आणि कालसंकल्पना'),
(880, 3, 5, 30, ' पृथ्वीवरील सजीव'),
(881, 4, 5, 30, ' उत्क्रांती'),
(882, 5, 5, 30, ' मानवाची वाटचाल'),
(883, 6, 5, 30, ' अश्मयुग :  दगडाची हत्यारे'),
(884, 7, 5, 30, ' निवारा ते गाव - वसाहती'),
(885, 8, 5, 30, ' स्थिर जीवनाची सुरुवात'),
(886, 9, 5, 30, ' स्थिर जीवन आणि नागरी संस्कृती'),
(887, 10, 5, 30, ' ऐतिहासिक काळ'),
(888, 1, 5, 31, 'Our earth and Our   Solar System'),
(889, 2, 5, 31, ' Motions of the Earth'),
(890, 3, 5, 31, ' The Earth and its Living World'),
(891, 4, 5, 31, ' Environmental Balance'),
(892, 5, 5, 31, ' Family Values'),
(893, 6, 5, 31, ' Rules are the Everyone'),
(894, 7, 5, 31, ' Let Us  Solve our own Problems'),
(895, 8, 5, 31, ' Public Facilities and My School'),
(896, 9, 5, 31, ' Maps -  Our Companions'),
(897, 10, 5, 31, ' Getting to Know India'),
(898, 11, 5, 31, ' Our Home and Environment'),
(899, 12, 5, 31, ' Food for All'),
(900, 13, 5, 31, ' Methods of Preserving Food'),
(901, 14, 5, 31, ' Transport'),
(902, 15, 5, 31, ' Communication and Mass Media'),
(903, 16, 5, 31, ' Water'),
(904, 17, 5, 31, ' Clothes our Necessity'),
(905, 18, 5, 31, ' The Environment and US'),
(906, 19, 5, 31, ' Constitutes of Food'),
(907, 20, 5, 31, ' Our Emotional World'),
(908, 21, 5, 31, ' Busy at Work our Internal Organs'),
(909, 22, 5, 31, ' growth and personality development'),
(910, 23, 5, 31, ' Infectious Diseases and how to Prevent them'),
(911, 24, 5, 31, ' Substances Objects and Energy '),
(912, 25, 5, 31, 'Community Health and Hygiene'),
(913, 1, 5, 32, 'What is History ?'),
(914, 2, 5, 32, ' History and the Concept of Tme'),
(915, 3, 5, 32, ' Life on Earth'),
(916, 4, 5, 32, ' Evolution'),
(917, 5, 5, 32, ' Evolution of Mankind'),
(918, 6, 5, 32, ' Stone Age :  Stone Tools'),
(919, 7, 5, 32, ' From Shelters to Village Settlements'),
(920, 8, 5, 32, ' Beginning of Settled Life'),
(921, 9, 5, 32, ' Set a Life and Urban Civilization'),
(922, 10, 5, 32, ' Historic Period'),
(923, 1, 5, 33, 'Roman Numerals'),
(924, 2, 5, 33, ' Number Work'),
(925, 3, 5, 33, ' Addition and Subtraction'),
(926, 4, 5, 33, ' Multiplication and Division'),
(927, 5, 5, 33, ' Fractions'),
(928, 6, 5, 33, ' Angles'),
(929, 7, 5, 33, ' Circles'),
(930, 8, 5, 33, ' Multiples and Factors'),
(931, 9, 5, 33, ' Decimal Fractions'),
(932, 10, 5, 33, ' Measuring Time'),
(933, 11, 5, 33, ' Pproblems on Measurement'),
(934, 12, 5, 33, ' Perimeter and Area'),
(935, 13, 5, 33, ' Three Dimensional Objects and Nets'),
(936, 14, 5, 33, ' Pictographs'),
(937, 15, 5, 33, ' Patterns'),
(938, 16, 5, 33, ' Preparation for  Algebra'),
(939, 1, 6, 34, 'बलसागर भारत होवो'),
(940, 2, 6, 34, 'सायकल म्हणते,  मी आहे ना !'),
(941, 3, 6, 34, 'डॉक्टर कलाम यांचे बालपण'),
(942, 4, 6, 34, ' गवतफुला रे ! गवतफुला कविता !'),
(943, 5, 6, 34, 'बाकी वीस रुपयांचं काय ?'),
(944, 6, 6, 34, ' पण थोडा उशीर झाला …..'),
(945, 7, 6, 34, ' आपले परमवीर'),
(946, 8, 6, 34, 'माय'),
(947, 9, 6, 34, 'वारली चित्रकला '),
(948, 10, 6, 34, 'सुगंधी सृष्टी'),
(949, 11, 6, 34, ' माझ्या आज्यानं पंज्यानं ( कविता )'),
(950, 12, 6, 34, ' मला मोठं व्हायचंय !'),
(951, 13, 6, 34, ' आपली सुरक्षा,  आपले उपाय !'),
(952, 14, 6, 34, ' आता उजाडेल  ! ( कविता )'),
(953, 15, 6, 34, 'बालसभा'),
(954, 16, 6, 34, ' सफर मेट्रोची'),
(955, 17, 6, 34, ' दुखणं बोटभर'),
(956, 18, 6, 34, ' बहुमोल जीवन ( कविता )'),
(957, 19, 6, 34, ' मले बाजाराला जायचं बाई !'),
(958, 20, 6, 34, ' ओळख थोरांची'),
(959, 21, 6, 34, ' या काळाच्या भाळावरती ( कविता )'),
(960, 22, 6, 34, ' वडीलांस पत्र'),
(961, 23, 6, 34, ' परिवर्तन विचारांचे '),
(962, 24, 6, 34, ' रोजनिशी'),
(963, 25, 6, 34, ' नवा पैलू'),
(964, 26, 6, 34, ' संतवाणी'),
(965, 1, 6, 35, 'भूमितीतील मूलभूत संबोध'),
(966, 2, 6, 35, 'कोण'),
(967, 3, 6, 35, 'पूर्णांक संख्या'),
(968, 4, 6, 35, 'अपूर्णांकावरील क्रिया'),
(969, 5, 6, 35, 'दशांश अपूर्णांक'),
(970, 6, 6, 35, 'स्तंभालेख'),
(971, 7, 6, 35, ' सममिती'),
(972, 8, 6, 35, ' विभाज्यता'),
(973, 9, 6, 35, ' मसावी - लसावी'),
(974, 10, 6, 35, ' समीकरणे'),
(975, 11, 6, 35, ' गुणोत्तर - प्रमाण'),
(976, 12, 6, 35, ' शेकडेवारी'),
(977, 13, 6, 35, ' नफा -  तोटा'),
(978, 14, 6, 35, ' बँक व सरळव्याज'),
(979, 15, 6, 35, ' त्रिकोण व त्रिकोणाचे गुणधर्म'),
(980, 16, 6, 35, ' चौकोन '),
(981, 17, 6, 35, 'भौमितिक रचना'),
(982, 18, 6, 35, ' त्रिमितीय आकार'),
(983, 1, 6, 36, 'नैसर्गिक संसाधने - हवा, पाणी आणि जमीन'),
(984, 2, 6, 36, 'सजीव सृष्टी'),
(985, 3, 6, 36, 'सजीवांतील विविधता आणि वर्गीकरण'),
(986, 4, 6, 36, 'आपत्ती व्यवस्थापन'),
(987, 5, 6, 36, 'पदार्थ सभोवतालचे अवस्था आणि गुणधर्म'),
(988, 6, 6, 36, ' पदार्थ आपल्या वापरातील'),
(989, 7, 6, 36, ' पोषण आणि आहार'),
(990, 8, 6, 36, ' आपली अस्थिसंस्था व त्वचा'),
(991, 9, 6, 36, ' गती व गतीचे प्रकार'),
(992, 10, 6, 36, ' कार्य आणि ऊर्जा'),
(993, 11, 6, 36, 'बल व बलाचे प्रकार'),
(994, 12, 6, 36, ' साधी यंत्रे'),
(995, 13, 6, 36, '  ध्वनि'),
(996, 14, 6, 36, ' प्रकाश व छाया निर्मिती'),
(997, 15, 6, 36, ' चुंबकाची गंमत'),
(998, 16, 6, 36, ' विश्वाचे अंतरंग'),
(999, 1, 6, 37, 'भारतीय उपखंड आणि इतिहास'),
(1000, 2, 6, 37, 'इतिहासाची साधने'),
(1001, 3, 6, 37, 'हडप्पा संस्कृती'),
(1002, 4, 6, 37, ' वैदिक संस्कृती'),
(1003, 5, 6, 37, ' प्राचीन भारतातील धार्मिक प्रवाह'),
(1004, 6, 6, 37, ' जनपदे आणि महाजनपदे'),
(1005, 7, 6, 37, ' मौर्यकालीन भारत'),
(1006, 8, 6, 37, ' मौर्य साम्राज्यानंतरची राज्य'),
(1007, 9, 6, 37, 'दक्षिण भारतातील प्राचीन राज्य'),
(1008, 10, 6, 37, ' प्राचीन भारत :  सांस्कृतिक'),
(1009, 11, 6, 37, ' प्राचीन भारत आणि जग'),
(1010, 1, 6, 38, 'पृथ्वी आणि वृत्ते'),
(1011, 2, 6, 38, ' चला वृत्ते वापरूयात'),
(1012, 3, 6, 38, ' पृथ्वीगोल , नकाशा तुलना व क्षेत्रभेट'),
(1013, 4, 6, 38, ' हवा व हवामान'),
(1014, 5, 6, 38, ' तापमान'),
(1015, 6, 6, 38, ' महासागरांचे महत्त्व'),
(1016, 7, 6, 38, ' खडक व खडकांचे प्रकार'),
(1017, 8, 6, 38, ' नैसर्गिक संसाधने'),
(1018, 9, 6, 38, ' ऊर्जा साधने'),
(1019, 10, 6, 38, ' मानवाचे व्यवसाय'),
(1020, 1, 6, 39, '1.1 Songs of Happiness'),
(1021, 2, 6, 39, '1.2 Fun and Games '),
(1022, 3, 6, 39, '1.3 The Wild Boar and the Fox '),
(1023, 4, 6, 39, '1.4 A Letter from Hingoli'),
(1024, 5, 6, 39, '1.5 Nu-jo’s Project '),
(1025, 6, 6, 39, '1.6 Grandpa Tells a Story'),
(1026, 7, 6, 39, '1.7 Are you a DIY Kid? '),
(1027, 8, 6, 39, '2.1 Minnie and Winnie '),
(1028, 9, 6, 39, '2.2 The Lion, the Man and the Statue '),
(1029, 10, 6, 39, '2.3 An Invisible Bench '),
(1030, 11, 6, 39, '2.4 The Mouse Merchant '),
(1031, 12, 6, 39, '2.5  The Man who Thinks he can '),
(1032, 13, 6, 39, '2.6 How Glass is Made'),
(1033, 14, 6, 39, '2.7 Ad‘wise’ Customers '),
(1034, 15, 6, 39, '3.1 Time'),
(1035, 16, 6, 39, '3.2 The Magic Herb'),
(1036, 17, 6, 39, '3.3 Eco-friendly Celebrations'),
(1037, 18, 6, 39, '3.4 At the Science Fair'),
(1038, 19, 6, 39, '3.5 The Duck and the Kangaroo'),
(1039, 20, 6, 39, '3.6  NEWSFLASH!'),
(1040, 21, 6, 39, '3.7 The Man who Never Lied'),
(1041, 22, 6, 39, '4.1 The Nightingale and theNobleman'),
(1042, 23, 6, 39, '4.2. Molai’s Kathoni '),
(1043, 24, 6, 39, '4.3 There’s a hole in the bucket !'),
(1044, 25, 6, 39, '4.4  Fantastic Shops'),
(1045, 26, 6, 39, '4.5  A Book Review '),
(1046, 27, 6, 39, '4.6 The Worth of a Fabric'),
(1047, 28, 6, 39, '4.7  Play by Day and Night'),
(1048, 1, 6, 40, 'सैर'),
(1049, 2, 6, 40, ' बसंती हवा'),
(1050, 3, 6, 40, ' उपहार'),
(1051, 4, 6, 40, ' जोकर'),
(1052, 5, 6, 40, ' आओ, आयु बताना सीखो /  महाराष्ट्र की बेटी'),
(1053, 6, 6, 40, ' मेरा अहोभाग्य'),
(1054, 7, 6, 40, ' नदी कंधे पर'),
(1055, 8, 6, 40, ' जन्मदिन'),
(1056, 9, 6, 40, ' सोई मेरी छौना रे '),
(1057, 10, 6, 40, 'उपयोग  हमारे'),
(1058, 11, 6, 40, ' तूफानों से क्या डरना'),
(1059, 12, 6, 40, ' कठपुतली'),
(1060, 13, 6, 40, ' सोना और लोहा'),
(1061, 14, 6, 40, ' क्या तुम जानते हो ?  पहेलियां'),
(1062, 15, 6, 40, ' स्वास्थ्य संपदा'),
(1063, 16, 6, 40, ' कागज की थैली'),
(1064, 17, 6, 40, ' टीटू और चिंकी'),
(1065, 18, 6, 40, 'वह देश कौन सा है ? '),
(1066, 1, 6, 41, 'Basic Concepts in Geometry'),
(1067, 2, 6, 41, ' Angles'),
(1068, 3, 6, 41, ' Integers'),
(1069, 4, 6, 41, ' Operations on Fractions'),
(1070, 5, 6, 41, ' Decimal Fractions'),
(1071, 6, 6, 41, ' Bar Graphs'),
(1072, 7, 6, 41, ' Symmetry'),
(1073, 8, 6, 41, ' Divisibility'),
(1074, 9, 6, 41, ' HCF LCM'),
(1075, 10, 6, 41, ' Equations'),
(1076, 11, 6, 41, ' Ratio Proportion'),
(1077, 12, 6, 41, ' Percentage'),
(1078, 13, 6, 41, ' Profit Loss '),
(1079, 14, 6, 41, 'Banks and Simple Interest'),
(1080, 15, 6, 41, ' Triangles and Their Properties'),
(1081, 16, 6, 41, ' Quadrilaterals'),
(1082, 17, 6, 41, ' Geometrical Constructions'),
(1083, 18, 6, 41, ' Three Dimensional Shapes '),
(1084, 1, 6, 42, 'Natural Resources – Air, Water and Land'),
(1085, 2, 6, 42, 'The Living World'),
(1086, 3, 6, 42, 'Diversity in Living Things and their Classification'),
(1087, 4, 6, 42, 'Disaster Management'),
(1088, 5, 6, 42, 'Substances in the Surroundings – Their States and Properties'),
(1089, 6, 6, 42, 'Substances in Daily Use'),
(1090, 7, 6, 42, 'Nutrition and Diet'),
(1091, 8, 6, 42, 'Our Skeletal System and the Skin'),
(1092, 9, 6, 42, 'Motion and Types of Motion'),
(1093, 10, 6, 42, 'Force and Types of Force'),
(1094, 11, 6, 42, 'Work and Energy'),
(1095, 12, 6, 42, 'Simple Machines'),
(1096, 13, 6, 42, 'Sound'),
(1097, 14, 6, 42, 'Light and the Formation of Shadows'),
(1098, 15, 6, 42, 'Fun with Magnets'),
(1099, 16, 6, 42, 'The Universe'),
(1100, 1, 7, 43, 'जय जय महाराष्ट्र माझा (  गीत )'),
(1101, 2, 7, 43, ' स्वप्न विकणारा माणूस'),
(1102, 3, 7, 43, ' तोडणी'),
(1103, 4, 7, 43, ' श्रावण मास (  कविता)'),
(1104, 5, 7, 43, ' भांड्यांच्या दुनियेत'),
(1105, 6, 7, 43, ' थोरांची ओळख -  डॉक्टर खानखोजे'),
(1106, 7, 7, 43, 'माझी मराठी (  कविता )'),
(1107, 8, 7, 43, ' गचक अंधारी'),
(1108, 9, 7, 43, ' नात्याबाहेरचं नातं'),
(1109, 10, 7, 43, ' गोमू माहेरला जाते  ( गीत )'),
(1110, 11, 7, 43, 'बाली बेट'),
(1111, 12, 7, 43, ' सलाम नमस्ते !'),
(1112, 13, 7, 43, ' अनाम वीरा ( कविता )'),
(1113, 14, 7, 43, ' कवितेची ओळख'),
(1114, 15, 7, 43, ' असे जगावे (  कविता )'),
(1115, 16, 7, 43, ' कोळीन'),
(1116, 17, 7, 43, ' थेंब आज हा पाण्याचा ( कविता )'),
(1117, 18, 7, 43, ' वदनी कवळ घेता ….'),
(1118, 19, 7, 43, ' धोंडा'),
(1119, 20, 7, 43, ' विचारधन'),
(1120, 21, 7, 43, ' संतवाणी'),
(1121, 1, 7, 44, ' भौमितिक रचना.'),
(1122, 2, 7, 44, ' पूर्णांक संख्याचा गुणाकार व भागाकार'),
(1123, 3, 7, 44, ' मसावि - लसावि'),
(1124, 4, 7, 44, ' कोन व कोनांच्या जोड्या'),
(1125, 5, 7, 44, ' परिमेय संख्या व त्यावरील क्रिया'),
(1126, 6, 7, 44, ' घातांक'),
(1127, 7, 7, 44, ' जोड स्तंभालेख'),
(1128, 8, 7, 44, ' बैजिक राशी व त्यावरील क्रिया'),
(1129, 9, 7, 44, ' समप्रमाण आणि व्यस्त प्रमाण'),
(1130, 10, 7, 44, ' बँक व सरळव्याज'),
(1131, 11, 7, 44, ' वर्तुळ'),
(1132, 12, 7, 44, ' परिमिती व क्षेत्रफळ'),
(1133, 13, 7, 44, ' पायथागोरसचा सिद्धांत'),
(1134, 14, 7, 44, ' बैजिक सूत्रे -  वर्ग विस्तार'),
(1135, 15, 7, 44, ' सांख्यिकी'),
(1136, 1, 7, 45, 'सजीव सृष्टी :  अनुकूलन व वर्गीकरण'),
(1137, 2, 7, 45, 'वनस्पती :  रचना व कार्य'),
(1138, 3, 7, 45, 'नैसर्गिक संसाधनाचे गुणधर्म'),
(1139, 4, 7, 45, 'सजीवांतील पोषण'),
(1140, 5, 7, 45, 'अन्नपदार्थांची सुरक्षा'),
(1141, 6, 7, 45, 'भौतिक राशींचे मापन'),
(1142, 7, 7, 45, 'गती,  बल व कार्य'),
(1143, 8, 7, 45, 'स्थितिक विद्युत'),
(1144, 9, 7, 45, 'उष्णता'),
(1145, 10, 7, 45, 'आपत्ती व्यवस्थापन'),
(1146, 11, 7, 45, 'पेशीरचना आणि सूक्ष्मजीव'),
(1147, 12, 7, 45, 'मानवी स्नायू व पचनसंस्था'),
(1148, 13, 7, 45, 'बदल :  भौतिक व रासायनिक'),
(1149, 14, 7, 45, 'मूलद्रव्य ,  संयुगे आणि मिश्रणे'),
(1150, 15, 7, 45, 'पदार्थ :  आपल्या वापरातील'),
(1151, 16, 7, 45, 'नैसर्गिक साधन संपत्ती'),
(1152, 17, 7, 45, 'प्रकाशाचे परिणाम'),
(1153, 18, 7, 45, 'ध्वनि :  ध्वनीची निर्मिती'),
(1154, 19, 7, 45, 'चुंबकीय क्षेत्राचे गुणधर्म'),
(1155, 20, 7, 45, 'तारकांच्या दुनियेत'),
(1156, 1, 7, 46, 'इतिहासाची साधने'),
(1157, 2, 7, 46, ' शिवपूर्वकालीन भारत'),
(1158, 3, 7, 46, ' धार्मिक समन्वय'),
(1159, 4, 7, 46, ' शिवपूर्वकालीन महाराष्ट्र'),
(1160, 5, 7, 46, ' स्वराज्य स्थापना'),
(1161, 6, 7, 46, ' मुघलांशी संघर्ष'),
(1162, 7, 7, 46, ' स्वराज्याचा कारभार'),
(1163, 8, 7, 46, ' आदर्श राज्यकर्ता'),
(1164, 9, 7, 46, ' मराठ्यांचा स्वातंत्र्य संग्राम'),
(1165, 10, 7, 46, ' मराठ्यांच्या सत्तेचा विस्तार'),
(1166, 11, 7, 46, ' राष्ट्ररक्षक मराठे'),
(1167, 12, 7, 46, ' साम्राज्याची वाटचाल'),
(1168, 13, 7, 46, ' महाराष्ट्रातील समाज जीवन'),
(1169, 1, 7, 47, 'ऋतू निर्मिती भाग एक'),
(1170, 2, 7, 47, ' सूर्य,  चंद्र व पृथ्वी'),
(1171, 3, 7, 47, '  भरती - ओहोटी'),
(1172, 4, 7, 47, ' हवेचा दाब'),
(1173, 5, 7, 47, ' वारे'),
(1174, 6, 7, 47, ' नैसर्गिक प्रदेश'),
(1175, 7, 7, 47, ' मृदा'),
(1176, 8, 7, 47, ' ऋतू निर्मिती भाग 2'),
(1177, 9, 7, 47, ' कृषी'),
(1178, 10, 7, 47, ' मानवी वस्ती'),
(1179, 11, 7, 47, ' समोच्च रेषा नकाशा आणि भूरूपे'),
(1180, 1, 7, 48, '1.1  Its a small world.'),
(1181, 2, 7, 48, '1.2  Warm up with Tara and Friends'),
(1182, 3, 7, 48, '1.3  Little Girls Wiser thanOld People'),
(1183, 4, 7, 48, '1.4  Journey to the West '),
(1184, 5, 7, 48, '1.5  Children are going to school'),
(1185, 6, 7, 48, '1.6  In a Class of their own !'),
(1186, 7, 7, 48, '2.1  We shall overcome'),
(1187, 8, 7, 48, '2.2 Two Fables'),
(1188, 9, 7, 48, '2.3  Teeny-tiny'),
(1189, 10, 7, 48, '2.4 Putting together a  Class Magazine'),
(1190, 11, 7, 48, '2.5  Windy Lines '),
(1191, 12, 7, 48, '2.6  Great scientists have a  questioning mind'),
(1192, 13, 7, 48, '3.1  Sleep, Baby, Sleep !'),
(1193, 14, 7, 48, '3.2  The Welcome'),
(1194, 15, 7, 48, '3.3 News Analysis'),
(1195, 16, 7, 48, '3.4  Please don’t read  this poem !'),
(1196, 17, 7, 48, '3.5  The Red-headed League'),
(1197, 18, 7, 48, '4.1  Double Standards'),
(1198, 19, 7, 48, '4.2  Baby Pangolin’s  Night Out'),
(1199, 20, 7, 48, '4.3  Chasing the Sea Monster'),
(1200, 21, 7, 48, '4.4  Aparody'),
(1201, 22, 7, 48, '4.5  From The Selfish Giant'),
(1202, 1, 7, 49, 'वाचन मेला'),
(1203, 2, 7, 49, ' फूल और कांटे'),
(1204, 3, 7, 49, ' दादी मां का परिवार'),
(1205, 4, 7, 49, ' देहात और शहर'),
(1206, 5, 7, 49, ' बंदर का गधा'),
(1207, 6, 7, 49, ' पृथ्वी से अग्नि तक'),
(1208, 7, 7, 49, ' जहां चाह,  वहां राह'),
(1209, 8, 7, 49, ' जीवन नहीं मरा करता है'),
(1210, 9, 7, 49, ' अस्पताल'),
(1211, 10, 7, 49, ' बेटी युग'),
(1212, 11, 7, 49, ' दो लघु कथाएं'),
(1213, 12, 7, 49, ' शब्द संपदा'),
(1214, 13, 7, 49, ' बसंत गीत'),
(1215, 14, 7, 49, ' चंदा मामा  की जय'),
(1216, 15, 7, 49, ' रहस्य'),
(1217, 16, 7, 49, ' हम चलते सीना तान के'),
(1218, 1, 7, 50, 'Geometrical Constructions '),
(1219, 2, 7, 50, 'Multiplication And Division of Integers'),
(1220, 3, 7, 50, ' HCF and LCM'),
(1221, 4, 7, 50, 'Aangles and Pairs of Angles'),
(1222, 5, 7, 50, ' Operations on Rational Numbers'),
(1223, 6, 7, 50, ' Indices'),
(1224, 7, 7, 50, ' Joint Bar Graph'),
(1225, 8, 7, 50, ' Algebraic Expressions and Operations on Them'),
(1226, 9, 7, 50, 'Direct Proportion and Inverse Proportion'),
(1227, 10, 7, 50, ' Bank and Simple Interest'),
(1228, 11, 7, 50, ' Circles'),
(1229, 12, 7, 50, ' Perimeter and Area'),
(1230, 13, 7, 50, ' Pythagoras Theorem'),
(1231, 14, 7, 50, ' Algebraic Formulae Expansion of Squares'),
(1232, 15, 7, 50, ' Statistics '),
(1233, 1, 7, 51, 'The Living World : Adaptations and Classification'),
(1234, 2, 7, 51, 'Plants : Structure and Function'),
(1235, 3, 7, 51, 'Properties of Natural Resources'),
(1236, 4, 7, 51, 'Nutrition in Living Organisms'),
(1237, 5, 7, 51, 'Food Safety '),
(1238, 6, 7, 51, 'Measurement of Physical Quantities'),
(1239, 7, 7, 51, 'Motion, Force and Work'),
(1240, 8, 7, 51, 'Static Electricity ..'),
(1241, 9, 7, 51, 'Heat '),
(1242, 10, 7, 51, 'Disaster Management'),
(1243, 11, 7, 51, 'Cell Structure and Micro-organisms'),
(1244, 12, 7, 51, 'The Muscular System and Digestive System in Human Beings …'),
(1245, 13, 7, 51, 'Changes – Physical and Chemical'),
(1246, 14, 7, 51, 'Elements, Compounds and Mixtures'),
(1247, 15, 7, 51, 'Materials we Use .'),
(1248, 16, 7, 51, 'Natural Resources'),
(1249, 17, 7, 51, 'Effects of Light '),
(1250, 18, 7, 51, 'Sound : Production of Sound'),
(1251, 19, 7, 51, 'Properties of a Magnetic Field'),
(1252, 20, 7, 51, 'In the World of Stars '),
(1253, 1, 8, 52, 'भारत देश महान (  गीत ) '),
(1254, 2, 8, 52, 'माझ्या देशावर माझे प्रेम आहे'),
(1255, 3, 8, 52, 'लाखाच्या... कोटीच्या गप्पा'),
(1256, 4, 8, 52, 'नव्या युगाचे गाणे (  कविता )'),
(1257, 5, 8, 52, 'सुरांची जादुगिरी'),
(1258, 6, 8, 52, 'असा रंगारी श्रावण (  कविता ) '),
(1259, 7, 8, 52, 'अण्णा भाऊंची भेट'),
(1260, 8, 8, 52, 'धाडसी कॅप्टन :  राधिका मेनन'),
(1261, 9, 8, 52, 'विद्याप्रशंसा (   कविता )'),
(1262, 10, 8, 52, 'लिओनार्दो दा विंची (  स्थूलवाचन )'),
(1263, 11, 8, 52, 'स्वामी विवेकानंदाची भारत यात्रा'),
(1264, 12, 8, 52, 'गोधडी (  कविता )'),
(1265, 13, 8, 52, 'पाड्यावरचा चहा'),
(1266, 14, 8, 52, 'फुलपाखरे'),
(1267, 15, 8, 52, 'आळाशी (  कविता )'),
(1268, 16, 8, 52, 'चोच आणि चारा'),
(1269, 17, 8, 52, 'अन्नजाल (  कविता )'),
(1270, 18, 8, 52, 'जलदिंडी'),
(1271, 19, 8, 52, 'गे माय भू ( कविता )'),
(1272, 20, 8, 52, 'शब्दकोश ( स्थूलवाचन )'),
(1273, 21, 8, 52, 'संतवाणी'),
(1274, 1, 8, 53, 'परिमेय  व अपरिमेय संख्या'),
(1275, 2, 8, 53, ' समांतर रेषा व छेदिका'),
(1276, 3, 8, 53, ' घातांक व घनमूळ'),
(1277, 4, 8, 53, ' त्रिकोणाचे शिरोलंब व मध्यगा'),
(1278, 5, 8, 53, ' विस्तार सूत्रे'),
(1279, 6, 8, 53, ' बैजिक राशींचे अवयव'),
(1280, 7, 8, 53, ' चलन'),
(1281, 8, 8, 53, ' चौकोन रचना व चौकोनाचे प्रकार'),
(1282, 9, 8, 53, ' सूट व कमिशन'),
(1283, 10, 8, 53, 'बहुपदींचा भागाकार'),
(1284, 11, 8, 53, ' सांख्यिकी'),
(1285, 12, 8, 53, ' एक चल समीकरणे'),
(1286, 13, 8, 53, ' त्रिकोणाची एकरूपता'),
(1287, 14, 8, 53, ' चक्रवाढ व्याज'),
(1288, 15, 8, 53, ' क्षेत्रफळ '),
(1289, 16, 8, 53, ' पृष्ठफळ व घनफळ'),
(1290, 17, 8, 53, ' वर्तुळ -  जीवा व कंस'),
(1291, 1, 8, 54, ' सजीव सृष्टी व सूक्ष्म जीवांचे वर्गीकरण'),
(1292, 2, 8, 54, ' आरोग्य व रोग'),
(1293, 3, 8, 54, ' बल व दाब '),
(1294, 4, 8, 54, 'धाराविद्युत आणि चुंबकत्व'),
(1295, 5, 8, 54, ' अनुचे अंतरंग'),
(1296, 6, 8, 54, ' द्रव्याचे संघटन'),
(1297, 7, 8, 54, ' धातू - अधातू'),
(1298, 8, 8, 54, ' प्रदूषण'),
(1299, 9, 8, 54, ' आपत्ती व्यवस्थापन'),
(1300, 10, 8, 54, ' पेशी व पेशी अंगके'),
(1301, 11, 8, 54, ' मानवी शरीर व इंद्रिय संस्था'),
(1302, 12, 8, 54, ' आम्ल , आम्लारी ओळख'),
(1303, 13, 8, 54, ' रासायनिक बदल व रासायनिक बंध'),
(1304, 14, 8, 54, ' उष्णतेचे मापन व परिणाम'),
(1305, 15, 8, 54, '  ध्वनि'),
(1306, 16, 8, 54, ' प्रकाशाचे परावर्तन'),
(1307, 17, 8, 54, ' मानवनिर्मित पदार्थ'),
(1308, 18, 8, 54, ' परिसंस्था'),
(1309, 19, 8, 54, ' ताऱ्यांची जीवन यात्रा'),
(1310, 1, 8, 55, 'इतिहासाची साधने '),
(1311, 2, 8, 55, 'युरोप आणि भारत'),
(1312, 3, 8, 55, ' ब्रिटिश सत्तेचे  परिणाम'),
(1313, 4, 8, 55, '1857  चा स्वातंत्र्यलढा'),
(1314, 5, 8, 55, ' सामाजिक व धार्मिक प्रबोधन'),
(1315, 6, 8, 55, ' स्वातंत्र्य चळवळीच्या युगास प्रारंभ'),
(1316, 7, 8, 55, ' असहकार चळवळ'),
(1317, 8, 8, 55, ' सविनय कायदेभंग चळवळ'),
(1318, 9, 8, 55, ' स्वातंत्र्यलढ्याचे अंतिम पर्व'),
(1319, 10, 8, 55, ' सशस्त्र क्रांतिकारी चळवळ'),
(1320, 11, 8, 55, ' समतेचा लढा'),
(1321, 12, 8, 55, ' स्वातंत्र्यप्राप्ती'),
(1322, 13, 8, 55, ' स्वातंत्र्य लढ्याची परिपूर्ती'),
(1323, 14, 8, 55, ' महाराष्ट्र राज्याची निर्मिती'),
(1324, 1, 8, 56, 'स्थानिक वेळ व प्रमाण वेळ'),
(1325, 2, 8, 56, 'पृथ्वीचे अंतरंग'),
(1326, 3, 8, 56, 'आद्रता व ढग');
INSERT INTO `chapter` (`chapterId`, `chapterTopicId`, `chapterClassId`, `chapterSubjectId`, `chapterName`) VALUES
(1327, 4, 8, 56, 'सागर तळ रचना'),
(1328, 5, 8, 56, 'सागरी प्रवाह'),
(1329, 6, 8, 56, 'भूमी उपयोजन'),
(1330, 7, 8, 56, 'लोकसंख्या'),
(1331, 8, 8, 56, 'उद्योग'),
(1332, 9, 8, 56, 'नकाशा प्रमाण'),
(1333, 10, 8, 56, 'क्षेत्रभेट'),
(1334, 1, 8, 57, 'Be the Best'),
(1335, 2, 8, 57, 'Androcles, and the Lion'),
(1336, 3, 8, 57, 'Trees are the Kindest Things I Know'),
(1337, 4, 8, 57, 'Miss Slippery'),
(1338, 5, 8, 57, 'Try Again'),
(1339, 6, 8, 57, 'The House builder'),
(1340, 7, 8, 57, 'The Little River'),
(1341, 8, 8, 57, 'Excuses ! (A Skit)'),
(1342, 9, 8, 57, 'A Heroine of the Sea'),
(1343, 10, 8, 57, '“Why?’’'),
(1344, 11, 8, 57, 'The Song of Songs'),
(1345, 12, 8, 57, 'Truth'),
(1346, 13, 8, 57, 'The Two Gentlemen of Verona'),
(1347, 14, 8, 57, 'The Vet'),
(1348, 15, 8, 57, 'P. V. Sindhu - An Icon of Success'),
(1349, 16, 8, 57, 'Golden Chain'),
(1350, 17, 8, 57, 'The Unsinkable Ship'),
(1351, 18, 8, 57, 'Festivals of North East India'),
(1352, 1, 8, 59, 'हे मातृभूमि ! '),
(1353, 2, 8, 59, ' वारिस कौन ? '),
(1354, 3, 8, 59, ' नाखून क्यों बढ़ते हैं ?'),
(1355, 4, 8, 59, ' गांव शहर'),
(1356, 5, 8, 59, ' मधुबन'),
(1357, 6, 8, 59, ' जरा प्यार से बोलना सीख लीजिए'),
(1358, 7, 8, 59, ' मेरे रजा साहब'),
(1359, 8, 8, 59, ' पूर्ण विश्राम'),
(1360, 9, 8, 59, ' अनमोल वाणी'),
(1361, 10, 8, 59, ' धरती का आंगन महके'),
(1362, 11, 8, 59, ' दो लघु कथाएं'),
(1363, 12, 8, 59, ' लकड़हारा और वन'),
(1364, 13, 8, 59, ' सौहार्द सौमनस्य'),
(1365, 14, 8, 59, ' खेती से आई तब्दीलियां'),
(1366, 15, 8, 59, ' अंधा युग'),
(1367, 16, 8, 59, ' स्वराज्य मेरा जन्मसिद्ध अधिकार है'),
(1368, 17, 8, 59, ' मेरा विद्रोह'),
(1369, 18, 8, 59, ' नहीं कुछ इससे बढ़कर '),
(1370, 1, 8, 60, 'Rational and Irrational numbers'),
(1371, 2, 8, 60, 'Parallel lines and transversals'),
(1372, 3, 8, 60, 'Indices and Cube root'),
(1373, 4, 8, 60, 'Altitudes and Medians of a triangle'),
(1374, 5, 8, 60, 'Expansion formulae'),
(1375, 6, 8, 60, 'Factorisation of Algebraic expressions'),
(1376, 7, 8, 60, 'Variation'),
(1377, 8, 8, 60, 'Quadrilateral : Constructions and Types'),
(1378, 9, 8, 60, 'Discount and Commission'),
(1379, 10, 8, 60, 'Division of Polynomials .'),
(1380, 11, 8, 60, 'Statistics'),
(1381, 12, 8, 60, 'Equations in one variable'),
(1382, 13, 8, 60, 'Congruence of triangles'),
(1383, 14, 8, 60, 'Compound interest'),
(1384, 15, 8, 60, 'Area ..'),
(1385, 16, 8, 60, 'Surface area and Volume'),
(1386, 17, 8, 60, 'Circle : Chord and Arc'),
(1387, 1, 8, 61, 'Living World and Classification of Microbes'),
(1388, 2, 8, 61, 'Health and Diseases'),
(1389, 3, 8, 61, 'Force and Pressure'),
(1390, 4, 8, 61, 'Current Electricity and Magnetism'),
(1391, 5, 8, 61, 'Inside the Atom '),
(1392, 6, 8, 61, 'Composition of Matter'),
(1393, 7, 8, 61, 'Metals and Nonmetals'),
(1394, 8, 8, 61, 'Pollution '),
(1395, 9, 8, 61, 'Disaster Management'),
(1396, 10, 8, 61, 'Cell and Cell Organelles'),
(1397, 11, 8, 61, 'Human Body and Organ System'),
(1398, 12, 8, 61, 'Introduction to Acid and Base'),
(1399, 13, 8, 61, 'Chemical Change and Chemical Bond'),
(1400, 14, 8, 61, 'Measurement and Effects of Heat'),
(1401, 15, 8, 61, 'Sound'),
(1402, 16, 8, 61, 'Reflection of Light .'),
(1403, 17, 8, 61, 'Man made Materials'),
(1404, 18, 8, 61, 'Ecosystems'),
(1405, 19, 8, 61, 'Life Cycle of Stars'),
(1406, 1, 9, 62, ' वंद्य ‘  वंदे मातरम ‘ (  गीत ) '),
(1407, 2, 9, 62, ' संतवाणी'),
(1408, 3, 9, 62, ' कीर्ती कठीयाचा दृष्टांत'),
(1409, 4, 9, 62, ' नात्यांची घट्ट वीण'),
(1410, 5, 9, 62, '  एक होती समई'),
(1411, 6, 9, 62, ' हास्यचित्रांतील मुलं (   स्थूलवाचन ) '),
(1412, 7, 9, 62, ' या झोपडीत माझ्या (  कविता )'),
(1413, 8, 9, 62, ' दुपार'),
(1414, 9, 9, 62, ' अभियंत्याचे दैवत -  डॉक्टर विश्वेश्वरय्या'),
(1415, 10, 9, 62, ' मी वाचतोय (  कविता ) '),
(1416, 11, 9, 62, ' यंत्रांनी केलं बंड'),
(1417, 12, 9, 62, ' इंग्लंडचा हिवाळा (   स्थूलवाचन ) '),
(1418, 13, 9, 62, 'मातीची सावली'),
(1419, 14, 9, 62, ' महाराष्ट्रावरूनी टाक ओवाळून'),
(1420, 15, 9, 62, ' थोडं ‘  आ ’  भारनियमन करूया'),
(1421, 16, 9, 62, ' आदर्शवादी मुळगावकर'),
(1422, 17, 9, 62, ' निरोप (  कविता )'),
(1423, 18, 9, 62, ' वनवासी (  कविता )'),
(1424, 19, 9, 62, ' ऑलम्पिक वर्तुळाचा गोफ'),
(1425, 20, 9, 62, ' हसरे दुःख'),
(1426, 21, 9, 62, ' प्रीतम'),
(1427, 22, 9, 62, ' आपुले जगणे…. आपली ओळख(  कविता )'),
(1428, 23, 9, 62, ' विश्वकोश (   स्थूलवाचन )  '),
(1429, 1, 9, 63, ' संच'),
(1430, 2, 9, 63, ' वास्तव संख्या'),
(1431, 3, 9, 63, ' बहुपदी'),
(1432, 4, 9, 63, ' गुणोत्तर व प्रमाण'),
(1433, 5, 9, 63, ' दोन चलातील रेषीय समीकरणे'),
(1434, 6, 9, 63, ' अर्थनियोजन'),
(1435, 7, 9, 63, ' सांख्यिकी'),
(1436, 1, 9, 64, 'भूमितीतील मूलभूत संबोध '),
(1437, 2, 9, 64, 'समांतर रेषा'),
(1438, 3, 9, 64, 'त्रिकोण'),
(1439, 4, 9, 64, 'त्रिकोण रचना'),
(1440, 5, 9, 64, 'चौकोन'),
(1441, 6, 9, 64, 'वर्तुळ'),
(1442, 7, 9, 64, 'निर्देशक भूमिती'),
(1443, 8, 9, 64, 'त्रिकोणमिति'),
(1444, 9, 9, 64, ' पृष्ठफळ व घनफळ'),
(1445, 1, 9, 65, ' गतीचे नियम'),
(1446, 2, 9, 65, ' कार्य आणि ऊर्जा'),
(1447, 3, 9, 65, ' धाराविद्युत'),
(1448, 4, 9, 65, ' द्रव्याचे मोजमाप'),
(1449, 5, 9, 65, '  आम्ल , आम्लारी व क्षार'),
(1450, 6, 9, 65, ' वनस्पतींचे वर्गीकरण'),
(1451, 7, 9, 65, ' परिसंस्थेतील ऊर्जा प्रवाह'),
(1452, 8, 9, 65, ' उपयुक्त व उपद्रवी सूक्ष्मजीव'),
(1453, 9, 9, 65, ' पर्यावरणीय व्यवस्थापन'),
(1454, 10, 9, 65, ' माहिती संप्रेषण तंत्रज्ञान :  प्रगतीची नवी दिशा'),
(1455, 11, 9, 65, ' प्रकाशाचे परावर्तन'),
(1456, 12, 9, 65, ' ध्वनीचा अभ्यास'),
(1457, 13, 9, 65, ' कार्बन :  एक महत्वाचे मुलद्रव्य'),
(1458, 14, 9, 65, ' पदार्थ आपल्या वापरातील'),
(1459, 15, 9, 65, ' सजीवांमधील जीवन प्रक्रिया'),
(1460, 16, 9, 65, ' अनुवंशिकता व परिवर्तन'),
(1461, 17, 9, 65, ' जी व तंत्रज्ञानाची ओळख'),
(1462, 18, 9, 65, ' अवकाश निरीक्षण :   दुर्बिणी'),
(1463, 1, 9, 66, ' इतिहासाची साधने'),
(1464, 2, 9, 66, ' भारत : 1960  नंतरच्या घडामोडी'),
(1465, 3, 9, 66, ' भारतापुढील अंतर्गत आव्हाने'),
(1466, 4, 9, 66, ' आर्थिक विकास'),
(1467, 5, 9, 66, ' शैक्षणिक वाटचाल'),
(1468, 6, 9, 66, ' महिला व अन्य दुर्बल घटकांचे सक्षमीकरण'),
(1469, 7, 9, 66, ' विज्ञान  व तंत्रज्ञान'),
(1470, 8, 9, 66, ' उद्योग व व्यापार'),
(1471, 9, 9, 66, ' बदलते जीवन :  भाग - 1'),
(1472, 10, 9, 66, ' बदलते जीवन :  भाग - 2'),
(1473, 1, 9, 67, 'वितरणाचे नकाशे'),
(1474, 2, 9, 67, 'अंतर्गत हालचाली'),
(1475, 3, 9, 67, 'बाह्यप्रक्रिया  भाग - 1'),
(1476, 4, 9, 67, 'बाह्यप्रक्रिया  भाग - 2'),
(1477, 5, 9, 67, 'वृष्टी '),
(1478, 6, 9, 67, 'सागर जलाचे गुणधर्म'),
(1479, 7, 9, 67, 'आंतरराष्ट्रीय वार रेषा'),
(1480, 8, 9, 67, ' अर्थशास्त्राशी परिचय'),
(1481, 9, 9, 67, ' व्यापार'),
(1482, 10, 9, 67, ' नागरीकरण'),
(1483, 11, 9, 67, ' वाहतूक व संदेशवहन'),
(1484, 12, 9, 67, ' पर्यटन'),
(1485, 1, 9, 68, 'Walk a little slower'),
(1486, 2, 9, 68, ' The Fun they Had'),
(1487, 3, 9, 68, '‘Hope’ is the thing with feathers -'),
(1488, 4, 9, 68, 'The Story of Tea'),
(1489, 5, 9, 68, 'The Necklace '),
(1490, 6, 9, 68, 'Comparisons'),
(1491, 7, 9, 68, 'Helen Keller and Anne Sullivan'),
(1492, 8, 9, 68, 'Mark Twain'),
(1493, 9, 9, 68, 'Please Listen !'),
(1494, 10, 9, 68, 'A Play'),
(1495, 11, 9, 68, 'Coromandel Fishers'),
(1496, 12, 9, 68, 'The Fall of Troy'),
(1497, 13, 9, 68, 'To a Butterfly .'),
(1498, 14, 9, 68, 'Think Before You Speak !'),
(1499, 15, 9, 68, 'Great Scientists'),
(1500, 16, 9, 68, 'What is Success ?'),
(1501, 17, 9, 68, 'Reading Works of Art'),
(1502, 18, 9, 68, 'Silver'),
(1503, 19, 9, 68, 'The Tempest'),
(1504, 20, 9, 68, 'The Last Lesson'),
(1505, 1, 9, 69, 'स्व- ओळख'),
(1506, 2, 9, 69, 'वाढीचे वय'),
(1507, 3, 9, 69, 'मूल्ये '),
(1508, 4, 9, 69, 'सामाजिक नेतृत्व'),
(1509, 5, 9, 69, 'कलारसास्वाद -  दृश्यकला'),
(1510, 6, 9, 69, 'संघर्ष मिटवणे'),
(1511, 7, 9, 69, 'वाढीस पूरक मानसिकता'),
(1512, 8, 9, 69, 'करियर'),
(1513, 9, 9, 69, 'कलारसास्वाद -  प्रयोग जिवी  कला'),
(1514, 1, 9, 71, 'सुष्टु गृहीत: चौर : '),
(1515, 2, 9, 71, 'अव्ययमाला'),
(1516, 3, 9, 71, 'धन्यो तो दातृयाचकौ '),
(1517, 4, 9, 71, 'विध्यथमला  '),
(1518, 5, 9, 71, 'कि मिथ्या  कि वास्तवम '),
(1519, 6, 9, 71, 'वीरवनिता  विस्पला '),
(1520, 7, 9, 71, 'योगमाला '),
(1521, 8, 9, 71, 'पिनकोडप्रवर्तक: महान '),
(1522, 9, 9, 71, 'सूक्तिसुद्धा '),
(1523, 10, 9, 71, 'पित्रभक्त: नचिकेता :'),
(1524, 11, 9, 71, 'मनस :  स्वच्छता'),
(1525, 12, 9, 71, 'अमरकोश:'),
(1526, 13, 9, 71, ' सरमाया: शीलम्'),
(1527, 14, 9, 71, ' काव्यशास्त्रविनोद'),
(1528, 15, 9, 71, ' मनोराज्यस्यं फलम '),
(1529, 16, 9, 71, 'स्वागत  तपोधनया'),
(1530, 1, 9, 72, ' चांदनी रात'),
(1531, 2, 9, 72, ' बिल्ली का बिलंगुडा'),
(1532, 3, 9, 72, ' कबीर (  पूरक पठन )'),
(1533, 4, 9, 72, ' किताबें'),
(1534, 5, 9, 72, ' जूलिया'),
(1535, 6, 9, 72, ' ए सखी ! (  पूरक पठन )'),
(1536, 7, 9, 72, ' डॉक्टर का अपहरण'),
(1537, 8, 9, 72, ' वीरभूमि पर कुछ दिन'),
(1538, 9, 9, 72, ' वरदान मांगूंगा नहीं'),
(1539, 10, 9, 72, ' रात का चौकीदार (  पूरक पठन )'),
(1540, 11, 9, 72, ' निर्माणों के पावन युग में'),
(1541, 12, 9, 72, ' कह कविराय'),
(1542, 13, 9, 72, ' इनाम'),
(1543, 14, 9, 72, ' सिंधु का जल'),
(1544, 15, 9, 72, ' अतीत के पत्र'),
(1545, 16, 9, 72, ' निसर्ग वैभव(  पूरक पठन )'),
(1546, 17, 9, 72, ' शिष्टाचार'),
(1547, 18, 9, 72, ' उड़ान'),
(1548, 19, 9, 72, ' मेरे पिताजी (  पूरक पठन )'),
(1549, 20, 9, 72, ' अपराजेय'),
(1550, 21, 9, 72, ' स्वतंत्रता गान'),
(1551, 22, 9, 72, ' रचना विभाग एवं व्याकरण विभाग'),
(1552, 1, 9, 73, 'Laws of Motion'),
(1553, 2, 9, 73, ' Work and Energy'),
(1554, 3, 9, 73, ' Current Electricity'),
(1555, 4, 9, 73, ' Measurement of Matter'),
(1556, 5, 9, 73, ' Acid,  Base and Salt'),
(1557, 6, 9, 73, ' Classification of Plants'),
(1558, 7, 9, 73, ' Energy Flow in an Ecosystem'),
(1559, 8, 9, 73, ' Useful and Harmful Microbes'),
(1560, 9, 9, 73, ' Environmental Management'),
(1561, 10, 9, 73, ' Information Communication Technology ( ICT )'),
(1562, 11, 9, 73, ' Reflection of Light'),
(1563, 12, 9, 73, ' Study of Sound'),
(1564, 13, 9, 73, ' Carbon :  An Important Element'),
(1565, 14, 9, 73, ' Substances in Common Use'),
(1566, 15, 9, 73, ' Life Process in Living Organisms'),
(1567, 16, 9, 73, ' Heredity and Variation'),
(1568, 17, 9, 73, ' Introduction to Biotechnology'),
(1569, 18, 9, 73, ' Observing Space :  Telescopes'),
(1570, 1, 9, 74, 'Sets'),
(1571, 2, 9, 74, ' Real Number'),
(1572, 3, 9, 74, ' Polynomials'),
(1573, 4, 9, 74, ' Ratio and  Proportion'),
(1574, 5, 9, 74, ' Linear Equations in Two Variables'),
(1575, 6, 9, 74, ' Financial Planning'),
(1576, 7, 9, 74, ' Statistics'),
(1577, 1, 9, 75, 'Basic Concepts in Geometry'),
(1578, 2, 9, 75, ' Parallel Lines'),
(1579, 3, 9, 75, ' Triangles'),
(1580, 4, 9, 75, ' Construction of Triangles'),
(1581, 5, 9, 75, ' Quadrilaterals'),
(1582, 6, 9, 75, ' Circle'),
(1583, 7, 9, 75, ' Co-ordinate Geometry'),
(1584, 8, 9, 75, ' Trigonometry'),
(1585, 9, 9, 75, ' Surface Area and Volume'),
(1586, 1, 10, 76, 'जय जय हे भारत देशा गीत'),
(1587, 2, 10, 76, 'बोलतो मराठी…..'),
(1588, 3, 10, 76, ' आजी:  कुटुंबाच आगळ'),
(1589, 4, 10, 76, ' उत्तम लक्षण(  संत काव्य )'),
(1590, 5, 10, 76, ' वसंत रदय चैत्र'),
(1591, 6, 10, 76, ' बालसाहित्यिका :  गिरिजा कीर (  स्थूलवाचन )'),
(1592, 7, 10, 76, ' वस्तू (  कविता )'),
(1593, 8, 10, 76, ' गवताचे पाते'),
(1594, 9, 10, 76, ' वाट पाहताना'),
(1595, 10, 10, 76, ' आश्वासक चित्र (  कविता ) '),
(1596, 11, 10, 76, ' आप्पांचे पत्र'),
(1597, 12, 10, 76, ' मनक्या पेरेंन  लागा (    स्थूलवाचन )'),
(1598, 13, 10, 76, 'गोष्ट अरुणिमाची'),
(1599, 14, 10, 76, ' भरतवाक्य (  कविता )'),
(1600, 15, 10, 76, ' कर्ते सुधाकर कर्वे'),
(1601, 16, 10, 76, 'काळे केस'),
(1602, 17, 10, 76, ' खोद आणखी थोडेसे (  कविता )'),
(1603, 18, 10, 76, ' विरांगणा (   स्थूलवाचन )'),
(1604, 19, 10, 76, ' आकाशी झेप घे रे (  कविता )'),
(1605, 20, 10, 76, ' सोनाली'),
(1606, 21, 10, 76, ' निर्णय'),
(1607, 22, 10, 76, ' तू झालास मूक समाजाचा नायक'),
(1608, 23, 10, 76, ' सर्व विश्वचि व्हावे सुखी'),
(1609, 24, 10, 76, 'व्युत्पत्ति कोष '),
(1610, 25, 10, 76, 'उपयोजित लेखन '),
(1611, 1, 10, 77, 'दोन चलांतील रेषीय समीकरणे'),
(1612, 2, 10, 77, ' वर्ग समीकरणे'),
(1613, 3, 10, 77, ' अंकगणित  श्रेढी  '),
(1614, 4, 10, 77, 'अर्थनियोजन'),
(1615, 5, 10, 77, ' संभाव्यता'),
(1616, 6, 10, 77, ' सांख्यिकी'),
(1617, 1, 10, 78, 'समरूपता'),
(1618, 2, 10, 78, ' पायथागोरसचे प्रमेय'),
(1619, 3, 10, 78, ' वर्तुळ'),
(1620, 4, 10, 78, ' भुमितिक रचना'),
(1621, 5, 10, 78, ' निर्देशक भूमिती'),
(1622, 6, 10, 78, ' त्रिकोणमिति'),
(1623, 7, 10, 78, ' महत्त्वमापन'),
(1624, 1, 10, 79, ' गुरुत्वाकर्षण'),
(1625, 2, 10, 79, ' मूलद्रव्यांचे आवर्ती वर्गीकरण'),
(1626, 3, 10, 79, ' रासायनिक अभिक्रिया व समीकरणे'),
(1627, 4, 10, 79, ' विद्युत धारेचे परिणाम'),
(1628, 5, 10, 79, ' उष्णता'),
(1629, 6, 10, 79, ' प्रकाशाचे अपवर्तन'),
(1630, 7, 10, 79, ' भिंगे व त्यांचे उपयोग'),
(1631, 8, 10, 79, ' धातुविज्ञान'),
(1632, 9, 10, 79, ' कार्बनी संयुगे'),
(1633, 10, 10, 79, ' अवकाश मोहिमा'),
(1634, 1, 10, 80, 'अनुवंशिकता व उत्क्रांती'),
(1635, 2, 10, 80, ' सजीवांतील जीवन प्रक्रिया भाग - 1'),
(1636, 3, 10, 80, ' सजीवांतील जीवन प्रक्रिया भाग - 2'),
(1637, 4, 10, 80, ' पर्यावरणीय व्यवस्थापन'),
(1638, 5, 10, 80, ' हरित ऊर्जेच्या दिशेने'),
(1639, 6, 10, 80, ' प्राण्यांचे वर्गीकरण'),
(1640, 7, 10, 80, ' ओळख सूक्ष्मजीव शास्त्राची'),
(1641, 8, 10, 80, ' पेशी विज्ञान व जैवतंत्रज्ञान'),
(1642, 9, 10, 80, ' सामाजिक आरोग्य'),
(1643, 10, 10, 80, ' आपत्ती व्यवस्थापन'),
(1644, 1, 10, 81, 'इतिहास लेखन:  पाश्चात्त्य परंपरा'),
(1645, 2, 10, 81, 'इतिहास लेखन :  भारतीय परंपरा'),
(1646, 3, 10, 81, 'उपयोजित इतिहास'),
(1647, 4, 10, 81, 'भारतीय कलांचा इतिहास'),
(1648, 5, 10, 81, 'प्रसार माध्यमे आणि इतिहास'),
(1649, 6, 10, 81, 'मनोरंजनाची माध्यमे आणि इतिहास'),
(1650, 7, 10, 81, 'खेळ आणि इतिहास'),
(1651, 8, 10, 81, 'पर्यटन आणि इतिहास'),
(1652, 9, 10, 81, 'ऐतिहासिक ठेव्यांचे जतन '),
(1653, 1, 10, 82, 'राष्ट्रीय सुरक्षा संकल्पनेचे बदलते स्वरूप'),
(1654, 2, 10, 82, 'अंतर्गत सुरक्षा'),
(1655, 3, 10, 82, 'आपत्ती व्यवस्थापन'),
(1656, 4, 10, 82, 'आपत्ती व्यवस्थापनातील लष्कराचे कार्य'),
(1657, 5, 10, 82, 'विज्ञान तंत्रज्ञान आणि राष्ट्रीय सुरक्षा'),
(1658, 6, 10, 82, 'लष्करातील सेवा संधी '),
(1659, 1, 10, 83, 'क्षेत्रभेट'),
(1660, 2, 10, 83, ' स्थान - विस्तार'),
(1661, 3, 10, 83, ' प्राकृतिक रचना व जलप्रणाली'),
(1662, 4, 10, 83, ' हवामान'),
(1663, 5, 10, 83, ' नैसर्गिक वनस्पती व प्राणी'),
(1664, 6, 10, 83, ' लोकसंख्या'),
(1665, 7, 10, 83, ' मानवी वस्ती'),
(1666, 8, 10, 83, ' अर्थव्यवस्था आणि व्यवसाय'),
(1667, 9, 10, 83, ' पर्यटन वाहतूक आणि संदेशवहन'),
(1668, 1, 10, 84, 'A Teenager’s Prayer'),
(1669, 2, 10, 84, 'An Encounter of a Special Kind'),
(1670, 3, 10, 84, 'Basketful of Moonlight'),
(1671, 4, 10, 84, 'Be SMART...! '),
(1672, 5, 10, 84, 'His First Flight'),
(1673, 6, 10, 84, 'You Start Dying Slowly …'),
(1674, 7, 10, 84, 'The Boy who Broke The Bank -'),
(1675, 8, 10, 84, 'The Twins '),
(1676, 9, 10, 84, 'An Epitome of Courage'),
(1677, 10, 10, 84, 'Book Review - Swami and Friends'),
(1678, 11, 10, 84, 'World Heritage'),
(1679, 12, 10, 84, 'If ... '),
(1680, 13, 10, 84, 'A Lesson in Life from a Beggar'),
(1681, 14, 10, 84, 'Stopping by Woods on a Snowy Evening'),
(1682, 15, 10, 84, 'Let us March!'),
(1683, 16, 10, 84, 'The Alchemy of Nature'),
(1684, 17, 10, 84, 'The World is Mine'),
(1685, 18, 10, 84, 'Bholi '),
(1686, 19, 10, 84, 'O Captain ! My Captain! '),
(1687, 20, 10, 84, 'Unbeatable Super Mom -Mary Kom'),
(1688, 21, 10, 84, 'Joan of Arc'),
(1689, 22, 10, 84, 'A Brave Heart Dedicated to Science and Humanity'),
(1690, 1, 10, 85, 'आद्यकृषक: पृथुवैन्य : '),
(1691, 2, 10, 85, 'व्यसने मित्रपरीक्षा '),
(1692, 3, 10, 85, 'सूक्तिसुद्धा '),
(1693, 4, 10, 85, 'अमूल्य कमलम '),
(1694, 5, 10, 85, 'स एवं परमाणू :'),
(1695, 6, 10, 85, 'युग्ममाला '),
(1696, 7, 10, 85, 'संस्कृतनाट्यस्तबक '),
(1697, 8, 10, 85, 'वाचनप्रशंसा'),
(1698, 9, 10, 85, 'धेनोवाग्र्य : पलायते '),
(1699, 10, 10, 85, 'नदीसुक्तम '),
(1700, 11, 10, 85, 'जटायूशौयर्म '),
(1701, 12, 10, 85, 'आदिशकराचार्य '),
(1702, 13, 10, 85, 'चित्रकाव्यम '),
(1703, 14, 10, 85, 'प्रतिपद संस्कृतम '),
(1704, 15, 10, 85, 'मानवताधर्म'),
(1705, 1, 10, 86, 'भारत महिमा'),
(1706, 2, 10, 86, ' लक्ष्मी'),
(1707, 3, 10, 86, ' वाह रे !हमदर्द'),
(1708, 4, 10, 86, ' मन (  पूरक पठन )'),
(1709, 5, 10, 86, ' गोवा :  जैसा मैंने देखा'),
(1710, 6, 10, 86, ' गिरिधर  नागर'),
(1711, 7, 10, 86, ' खुला आकाश (  पूरक पठन )'),
(1712, 8, 10, 86, ' गजल'),
(1713, 9, 10, 86, ' रीड की हड्डी'),
(1714, 10, 10, 86, ' ठेस (  पूरक पठन )'),
(1715, 11, 10, 86, 'कृषक का गान'),
(1716, 12, 10, 86, 'बरषहि जलद '),
(1717, 13, 10, 86, 'दो लघु कथाएं (  पूरक पठन )'),
(1718, 14, 10, 86, 'श्रम साधना'),
(1719, 15, 10, 86, ' छापा'),
(1720, 16, 10, 86, ' ईमानदारी की प्रतिमूर्ति'),
(1721, 17, 10, 86, ' हम इस धरती की संतति है (  पूरक पठन )'),
(1722, 18, 10, 86, ' महिला आश्रम'),
(1723, 19, 10, 86, ' अपनी गंध नहीं बेचूंगा'),
(1724, 20, 10, 86, ' जब तक जिंदा रहूं लिखता रहूं'),
(1725, 21, 10, 86, ' बूढ़ी काकी (  पूरक पठन )'),
(1726, 22, 10, 86, ' समता की ओर'),
(1727, 23, 10, 86, ' व्याकरण एवं रचना विभाग तथा भावार्थ '),
(1728, 1, 10, 87, 'मी एक नागरिक'),
(1729, 2, 10, 87, ' मी आणि माध्यमे - 1'),
(1730, 3, 10, 87, ' मी आणि दृश्य कला'),
(1731, 4, 10, 87, ' मी आणि माध्यमे -2'),
(1732, 5, 10, 87, ' मी आणि माझे करिअर'),
(1733, 6, 10, 87, ' मी आणि प्रयोगजीवी कला'),
(1734, 1, 10, 88, 'Gravitation'),
(1735, 2, 10, 88, 'Periodic Classification of Element'),
(1736, 3, 10, 88, 'Chemical reactions and equations'),
(1737, 4, 10, 88, 'Effects of electric current'),
(1738, 5, 10, 88, 'Heat'),
(1739, 6, 10, 88, 'Refraction of light'),
(1740, 7, 10, 88, 'Lenses'),
(1741, 8, 10, 88, 'Metallurgy'),
(1742, 9, 10, 88, 'Carbon compounds'),
(1743, 10, 10, 88, 'Space Missions'),
(1744, 1, 10, 89, 'Heredity and Evolution'),
(1745, 2, 10, 89, 'Life Processes in living organisms Part -1'),
(1746, 3, 10, 89, 'Life Processes in Living Organisms Part - 2'),
(1747, 4, 10, 89, 'Environmental management'),
(1748, 5, 10, 89, 'Towards Green Energy'),
(1749, 6, 10, 89, 'Animal Classification'),
(1750, 7, 10, 89, 'Introduction to Microbiology'),
(1751, 8, 10, 89, 'Cell Biology and Biotechnology'),
(1752, 9, 10, 89, 'Social health'),
(1753, 10, 10, 89, 'Disaster Management'),
(1754, 1, 10, 90, 'Linear Equations in Two Variables'),
(1755, 2, 10, 90, 'Quadratic Equations'),
(1756, 3, 10, 90, 'Arithmetic Progression'),
(1757, 4, 10, 90, 'Financial Planning'),
(1758, 5, 10, 90, 'Probability '),
(1759, 6, 10, 90, 'Statistics'),
(1760, 1, 10, 91, 'Similarity '),
(1761, 2, 10, 91, 'Pythagoras Theorem'),
(1762, 3, 10, 91, 'Circle'),
(1763, 4, 10, 91, 'Geometric Constructions'),
(1764, 5, 10, 91, 'Co-ordinate Geometry'),
(1765, 6, 10, 91, 'Trigonometry'),
(1766, 7, 10, 91, 'Mensuration');

-- --------------------------------------------------------

--
-- Table structure for table `classlist`
--

CREATE TABLE `classlist` (
  `classId` int(11) NOT NULL,
  `className` varchar(255) NOT NULL
) ENGINE=InnoDB DEFAULT CHARSET=utf8mb4;

--
-- Dumping data for table `classlist`
--

INSERT INTO `classlist` (`classId`, `className`) VALUES
(1, 'पहिला '),
(2, 'दुसरा '),
(3, 'तिसरा '),
(4, 'चौथा '),
(5, 'पाचवा '),
(6, 'सहावा '),
(7, 'सातवा '),
(8, 'आठवा '),
(9, 'नववा '),
(10, 'दहावा ');

-- --------------------------------------------------------

--
-- Table structure for table `complaint`
--

CREATE TABLE `complaint` (
  `complaintId` int(11) NOT NULL,
  `complaintDate` varchar(255) NOT NULL,
  `complaintStudentId` int(11) NOT NULL,
  `complaintMessages` text NOT NULL
) ENGINE=InnoDB DEFAULT CHARSET=utf8mb4;

-- --------------------------------------------------------

--
-- Table structure for table `eventlist`
--

CREATE TABLE `eventlist` (
  `eventId` int(11) NOT NULL,
  `eventTitle` varchar(255) NOT NULL,
  `eventMessage` varchar(255) NOT NULL,
  `eventcolor` varchar(255) NOT NULL,
  `eventDate` varchar(255) NOT NULL
) ENGINE=InnoDB DEFAULT CHARSET=utf8mb4;

-- --------------------------------------------------------

--
-- Table structure for table `exam`
--

CREATE TABLE `exam` (
  `examId` int(11) NOT NULL,
  `examClass` int(11) NOT NULL,
  `examBatch` int(11) NOT NULL,
  `examSubject` varchar(255) NOT NULL,
  `examTotalMarks` int(11) NOT NULL,
  `examName` varchar(255) NOT NULL,
  `examDate` varchar(255) NOT NULL
) ENGINE=InnoDB DEFAULT CHARSET=utf8mb4;

-- --------------------------------------------------------

--
-- Table structure for table `expences`
--

CREATE TABLE `expences` (
  `expencesId` int(11) NOT NULL,
  `expencesParticular` varchar(255) NOT NULL,
  `expencesAmt` int(11) NOT NULL,
  `expencesDate` varchar(255) NOT NULL
) ENGINE=InnoDB DEFAULT CHARSET=utf8mb4;

-- --------------------------------------------------------

--
-- Table structure for table `fee`
--

CREATE TABLE `fee` (
  `feeId` int(11) NOT NULL,
  `feeClass` int(11) NOT NULL,
  `feeBatch` int(11) NOT NULL,
  `feeStudentId` int(11) NOT NULL,
  `feeFeeAmt` int(11) NOT NULL,
  `feeVoucherNo` int(11) NOT NULL,
  `feeDate` varchar(255) NOT NULL
) ENGINE=InnoDB DEFAULT CHARSET=utf8mb4;

-- --------------------------------------------------------

--
-- Table structure for table `gallery`
--

CREATE TABLE `gallery` (
  `galleryId` int(11) NOT NULL,
  `galleryImage` varchar(255) NOT NULL,
  `galleryTitle` varchar(255) NOT NULL
) ENGINE=InnoDB DEFAULT CHARSET=utf8mb4;

-- --------------------------------------------------------

--
-- Table structure for table `homework`
--

CREATE TABLE `homework` (
  `homeworkId` int(11) NOT NULL,
  `homeworkClassId` int(11) NOT NULL,
  `homeworkSubjectId` int(11) NOT NULL,
  `homeworkChapterId` int(11) NOT NULL,
  `homeworkName` varchar(255) NOT NULL,
  `homeworkFile` varchar(255) NOT NULL
) ENGINE=InnoDB DEFAULT CHARSET=utf8mb4;

-- --------------------------------------------------------

--
-- Table structure for table `messages`
--

CREATE TABLE `messages` (
  `messageId` int(11) NOT NULL,
  `messageStudentId` int(11) NOT NULL,
  `messageClassId` int(11) NOT NULL,
  `messageBatchId` int(11) NOT NULL,
  `messageText` text NOT NULL
) ENGINE=InnoDB DEFAULT CHARSET=utf8mb4;

-- --------------------------------------------------------

--
-- Table structure for table `profile`
--

CREATE TABLE `profile` (
  `profileId` int(11) NOT NULL,
  `profileInstituteName` varchar(255) NOT NULL,
  `profileAddressOne` varchar(255) NOT NULL,
  `profileAddressTwo` varchar(255) NOT NULL,
  `profileTaluka` varchar(255) NOT NULL,
  `profileDistrict` varchar(255) NOT NULL,
  `profileMobile` varchar(255) NOT NULL,
  `profileEmail` varchar(255) NOT NULL,
  `profileBankName` varchar(255) NOT NULL,
  `profileAccNo` varchar(255) NOT NULL,
  `profileIfsc` varchar(255) NOT NULL,
  `profileSlogan` varchar(255) NOT NULL,
  `profileWebsite` varchar(255) NOT NULL,
  `profileLogo` varchar(255) NOT NULL
) ENGINE=InnoDB DEFAULT CHARSET=utf8mb4;

-- --------------------------------------------------------

--
-- Table structure for table `quiz`
--

CREATE TABLE `quiz` (
  `quizId` int(11) NOT NULL,
  `quizClassId` int(11) NOT NULL,
  `quizSubjectId` int(11) NOT NULL,
  `quizChapterId` int(11) NOT NULL,
  `quizTitle` varchar(255) NOT NULL,
  `quizLink` varchar(255) NOT NULL
) ENGINE=InnoDB DEFAULT CHARSET=utf8mb4;

-- --------------------------------------------------------

--
-- Table structure for table `registration`
--

CREATE TABLE `registration` (
  `regId` int(11) NOT NULL,
  `regStudentName` varchar(255) NOT NULL,
  `regEmail` varchar(255) NOT NULL,
  `regAddress` varchar(255) NOT NULL,
  `regQualification` varchar(255) NOT NULL,
  `regCourse` varchar(255) NOT NULL,
  `regDate` varchar(255) NOT NULL
) ENGINE=InnoDB DEFAULT CHARSET=utf8mb4;

-- --------------------------------------------------------

--
-- Table structure for table `student`
--

CREATE TABLE `student` (
  `studentId` int(11) NOT NULL,
  `studentAddress` varchar(255) NOT NULL,
  `studentClass` int(11) NOT NULL,
  `studentBatch` int(11) NOT NULL,
  `studentMedium` varchar(50) NOT NULL,
  `studentGender` varchar(50) NOT NULL,
  `studentMobile` varchar(255) NOT NULL,
  `studentEmail` varchar(255) NOT NULL,
  `studentSchool` varchar(255) NOT NULL,
  `studentFee` varchar(255) NOT NULL,
  `studentPassword` varchar(255) NOT NULL,
  `studentMac` varchar(255) NOT NULL,
  `studentDob` varchar(255) NOT NULL,
  `studentSubject` varchar(255) NOT NULL,
  `studentCompExam` varchar(255) NOT NULL,
  `studentImage` varchar(255) NOT NULL,
  `studentStatus` varchar(255) NOT NULL,
  `studentCreated` varchar(255) NOT NULL
) ENGINE=InnoDB DEFAULT CHARSET=utf8mb4;

-- --------------------------------------------------------

--
-- Table structure for table `subjectmodel`
--

CREATE TABLE `subjectmodel` (
  `subjectId` int(11) NOT NULL,
  `subjectClassId` int(11) NOT NULL,
  `subjectName` varchar(255) NOT NULL
) ENGINE=InnoDB DEFAULT CHARSET=utf8mb4;

--
-- Dumping data for table `subjectmodel`
--

INSERT INTO `subjectmodel` (`subjectId`, `subjectClassId`, `subjectName`) VALUES
(1, 1, 'बालभारती मराठी'),
(2, 1, 'गणित ( मराठी )'),
(3, 1, 'खेळू, करू, शिकू'),
(4, 1, 'माय इंग्लिश बुक'),
(5, 1, 'गणित ( इंग्रजी )'),
(6, 2, 'बालभारती मराठी'),
(7, 2, 'गणित(  मराठी )'),
(8, 2, 'खेळू, करू, शिकू'),
(9, 2, 'माय इंग्लिश बुक'),
(10, 2, 'गणित ( इंग्रजी ) '),
(11, 3, 'बालभारती मराठी'),
(12, 3, 'माय इंग्लिश बुक'),
(13, 3, 'गणित ( मराठी )'),
(14, 3, 'खेळू, करू, शिकू'),
(15, 3, 'परिसर अभ्यास'),
(16, 3, 'गणित (  इंग्रजी )'),
(17, 4, 'बालभारती मराठी'),
(18, 4, 'माय इंग्लिश बुक'),
(19, 4, 'गणित ( मराठी )'),
(20, 4, 'परिसर अभ्यास भाग-१ ( मराठी )'),
(21, 4, 'परिसर अभ्यास भाग-2 (  मराठी ) '),
(22, 4, 'परिसर अभ्यास भाग-१ ( इंग्रजी )'),
(23, 4, 'परिसर अभ्यास भाग-2(  इंग्रजी )'),
(24, 4, ' गणित ( इंग्रजी )'),
(25, 5, ' बालभारती मराठी'),
(26, 5, 'माय इंग्लिश बुक'),
(27, 5, 'गणित ( मराठी )'),
(28, 5, 'सुलभभारती हिंदी'),
(29, 5, ' परिसर अभ्यास भाग-१ ( मराठी )'),
(30, 5, 'परिसर अभ्यास भाग-२ ( मराठी )'),
(31, 5, 'परिसर अभ्यास भाग-१ ( इंग्रजी )'),
(32, 5, 'परिसर अभ्यास भाग-२ ( इंग्रजी )'),
(33, 5, 'गणित ( इंग्रजी )'),
(34, 6, 'बालभारती मराठी'),
(35, 6, 'गणित ( मराठी )'),
(36, 6, 'सामान्य विज्ञान ( मराठी )'),
(37, 6, 'इतिहास व नागरिकशास्त्र'),
(38, 6, 'भूगोल '),
(39, 6, 'माय इंग्लिश बुक'),
(40, 6, 'सुलभभारती हिंदी'),
(41, 6, 'गणित ( इंग्रजी )'),
(42, 6, 'सामान्य विज्ञान (  इंग्रजी )'),
(43, 7, 'बालभारती मराठी'),
(44, 7, 'गणित ( मराठी )'),
(45, 7, 'सामान्य विज्ञान ( मराठी )'),
(46, 7, 'इतिहास व नागरिकशास्त्र'),
(47, 7, 'भूगोल'),
(48, 7, 'माय इंग्लिश बुक'),
(49, 7, 'सुलभभारती हिंदी'),
(50, 7, 'गणित ( इंग्रजी )'),
(51, 7, 'सामान्य विज्ञान ( इंग्रजी )'),
(52, 8, 'बालभारती मराठी'),
(53, 8, 'गणित ( मराठी )'),
(54, 8, 'सामान्य विज्ञान ( मराठी )'),
(55, 8, 'इतिहास व नागरिकशास्त्र'),
(56, 8, 'भूगोल'),
(57, 8, 'माय इंग्लिश बुक इंग्रजी'),
(58, 8, 'संस्कृतम् आमोद:(संपूर्ण) '),
(59, 8, 'सुलभभारती हिंदी'),
(60, 8, 'गणित ( इंग्रजी )'),
(61, 8, 'सामान्य विज्ञान ( इंग्रजी )'),
(62, 9, 'कुमारभारती मराठी'),
(63, 9, 'गणित भाग-१ ( मराठी )'),
(64, 9, 'गणित भाग - २ (मराठी )'),
(65, 9, 'विज्ञान आणि तंत्रज्ञान ( मराठी )'),
(66, 9, 'इतिहास व राज्यशास्त्र'),
(67, 9, 'भूगोल'),
(68, 9, 'माय इंग्लिश कोर्स बुक इंग्रजी'),
(69, 9, 'स्व-विकास व कलारसास्वाद'),
(70, 9, 'संरक्षण शास्त्र'),
(71, 9, 'संस्कृतम् आमोद: (संपूर्ण) '),
(72, 9, 'लोकभारती हिंदी'),
(73, 9, 'विज्ञान आणि तंत्रज्ञान इंग्रजी'),
(74, 9, 'गणित भाग-१ ( इंग्रजी )'),
(75, 9, 'गणित भाग-२ ( इंग्रजी )'),
(76, 10, 'कुमारभारती मराठी'),
(77, 10, 'गणित भाग - १ ( मराठी )'),
(78, 10, 'गणित भाग - २ ( मराठी )'),
(79, 10, 'सायन्स ऍन्ड टेक्नॉलॉजी भाग-१ ( मराठी )'),
(80, 10, 'सायन्स ऍन्ड टेक्नॉलॉजी भाग-२ ( मराठी )'),
(81, 10, 'इतिहास व राज्यशास्त्र '),
(82, 10, 'संरक्षणशास्त्र कार्यपुस्तिका'),
(83, 10, 'भूगोल'),
(84, 10, 'माय इंग्लिश कोर्स बुक'),
(85, 10, 'संस्कृतम् आमोद: (संपूर्ण) '),
(86, 10, 'लॊकभारती हिंदी'),
(87, 10, 'स्व-विकास व कलारसास्वाद'),
(88, 10, 'सायन्स ऍन्ड टेक्नॉलॉजी भाग-१ ( इंग्रजी )'),
(89, 10, 'सायन्स ऍन्ड टेक्नॉलॉजी भाग-२ ( इंग्रजी )'),
(90, 10, 'गणित भाग - १ ( इंग्रजी )'),
(91, 10, 'गणित भाग - २ ( इंग्रजी )'),
(102, 2, 'Yamani');

-- --------------------------------------------------------

--
-- Table structure for table `termexam`
--

CREATE TABLE `termexam` (
  `termexamId` int(11) NOT NULL,
  `termexamClassId` int(11) NOT NULL,
  `termexamSubjectId` int(11) NOT NULL,
  `termexamName` varchar(255) NOT NULL,
  `termexamFile` varchar(255) NOT NULL
) ENGINE=InnoDB DEFAULT CHARSET=utf8mb4;

-- --------------------------------------------------------

--
-- Table structure for table `video`
--

CREATE TABLE `video` (
  `videoId` int(11) NOT NULL,
  `videoClassId` int(11) NOT NULL,
  `videoSubjectId` int(11) NOT NULL,
  `videoChapterId` int(11) NOT NULL,
  `videoTitle` int(255) NOT NULL,
  `videoLink` varchar(255) NOT NULL
) ENGINE=InnoDB DEFAULT CHARSET=utf8mb4;

--
-- Indexes for dumped tables
--

--
-- Indexes for table `batch`
--
ALTER TABLE `batch`
  ADD PRIMARY KEY (`batchId`),
  ADD KEY `Batch_batchClass` (`batchClass`);

--
-- Indexes for table `chapter`
--
ALTER TABLE `chapter`
  ADD PRIMARY KEY (`chapterId`),
  ADD KEY `Chapter_chapterClassId` (`chapterClassId`),
  ADD KEY `Chapter_chapterSubjectId` (`chapterSubjectId`);

--
-- Indexes for table `classlist`
--
ALTER TABLE `classlist`
  ADD PRIMARY KEY (`classId`);

--
-- Indexes for table `complaint`
--
ALTER TABLE `complaint`
  ADD PRIMARY KEY (`complaintId`);

--
-- Indexes for table `eventlist`
--
ALTER TABLE `eventlist`
  ADD PRIMARY KEY (`eventId`);

--
-- Indexes for table `exam`
--
ALTER TABLE `exam`
  ADD PRIMARY KEY (`examId`),
  ADD KEY `Exam_examClass` (`examClass`),
  ADD KEY `Exam_examBatch` (`examBatch`);

--
-- Indexes for table `expences`
--
ALTER TABLE `expences`
  ADD PRIMARY KEY (`expencesId`);

--
-- Indexes for table `fee`
--
ALTER TABLE `fee`
  ADD PRIMARY KEY (`feeId`),
  ADD KEY `Fee_feeBatch` (`feeBatch`),
  ADD KEY `Fee_feeClass` (`feeClass`),
  ADD KEY `Fee_feeStudentId` (`feeStudentId`);

--
-- Indexes for table `gallery`
--
ALTER TABLE `gallery`
  ADD PRIMARY KEY (`galleryId`);

--
-- Indexes for table `homework`
--
ALTER TABLE `homework`
  ADD PRIMARY KEY (`homeworkId`),
  ADD KEY `Homework_homeworkClassId` (`homeworkClassId`),
  ADD KEY `Homework_homeworkSubjectId` (`homeworkSubjectId`),
  ADD KEY `Homework_homeworkChapterId` (`homeworkChapterId`);

--
-- Indexes for table `messages`
--
ALTER TABLE `messages`
  ADD PRIMARY KEY (`messageId`),
  ADD KEY `Messages_messageBatchId` (`messageBatchId`),
  ADD KEY `Messages_messageClassId` (`messageClassId`),
  ADD KEY `Messages_messageStudentId` (`messageStudentId`);

--
-- Indexes for table `profile`
--
ALTER TABLE `profile`
  ADD PRIMARY KEY (`profileId`);

--
-- Indexes for table `quiz`
--
ALTER TABLE `quiz`
  ADD PRIMARY KEY (`quizId`),
  ADD KEY `Quiz_quizClassId` (`quizClassId`),
  ADD KEY `Quiz_quizSubjectId` (`quizSubjectId`),
  ADD KEY `Quiz_quizChapterId` (`quizChapterId`);

--
-- Indexes for table `registration`
--
ALTER TABLE `registration`
  ADD PRIMARY KEY (`regId`);

--
-- Indexes for table `student`
--
ALTER TABLE `student`
  ADD PRIMARY KEY (`studentId`),
  ADD KEY `Student_studentBatch` (`studentBatch`),
  ADD KEY `Student_studentClass` (`studentClass`);

--
-- Indexes for table `subjectmodel`
--
ALTER TABLE `subjectmodel`
  ADD PRIMARY KEY (`subjectId`),
  ADD KEY `subjectmodel_ibfk_1` (`subjectClassId`);

--
-- Indexes for table `termexam`
--
ALTER TABLE `termexam`
  ADD PRIMARY KEY (`termexamId`),
  ADD KEY `Termexam_termexamClassId` (`termexamClassId`),
  ADD KEY `Termexam_termexamSubjectId` (`termexamSubjectId`);

--
-- Indexes for table `video`
--
ALTER TABLE `video`
  ADD PRIMARY KEY (`videoId`),
  ADD KEY `Video_videoClassId` (`videoClassId`),
  ADD KEY `Video_videoSubjectId` (`videoSubjectId`),
  ADD KEY `Video_videoChapterId` (`videoChapterId`);

--
-- AUTO_INCREMENT for dumped tables
--

--
-- AUTO_INCREMENT for table `batch`
--
ALTER TABLE `batch`
  MODIFY `batchId` int(11) NOT NULL AUTO_INCREMENT;

--
-- AUTO_INCREMENT for table `chapter`
--
ALTER TABLE `chapter`
  MODIFY `chapterId` int(11) NOT NULL AUTO_INCREMENT, AUTO_INCREMENT=1767;

--
-- AUTO_INCREMENT for table `classlist`
--
ALTER TABLE `classlist`
  MODIFY `classId` int(11) NOT NULL AUTO_INCREMENT, AUTO_INCREMENT=11;

--
-- AUTO_INCREMENT for table `complaint`
--
ALTER TABLE `complaint`
  MODIFY `complaintId` int(11) NOT NULL AUTO_INCREMENT;

--
-- AUTO_INCREMENT for table `eventlist`
--
ALTER TABLE `eventlist`
  MODIFY `eventId` int(11) NOT NULL AUTO_INCREMENT;

--
-- AUTO_INCREMENT for table `exam`
--
ALTER TABLE `exam`
  MODIFY `examId` int(11) NOT NULL AUTO_INCREMENT;

--
-- AUTO_INCREMENT for table `expences`
--
ALTER TABLE `expences`
  MODIFY `expencesId` int(11) NOT NULL AUTO_INCREMENT;

--
-- AUTO_INCREMENT for table `fee`
--
ALTER TABLE `fee`
  MODIFY `feeId` int(11) NOT NULL AUTO_INCREMENT;

--
-- AUTO_INCREMENT for table `gallery`
--
ALTER TABLE `gallery`
  MODIFY `galleryId` int(11) NOT NULL AUTO_INCREMENT;

--
-- AUTO_INCREMENT for table `homework`
--
ALTER TABLE `homework`
  MODIFY `homeworkId` int(11) NOT NULL AUTO_INCREMENT;

--
-- AUTO_INCREMENT for table `messages`
--
ALTER TABLE `messages`
  MODIFY `messageId` int(11) NOT NULL AUTO_INCREMENT;

--
-- AUTO_INCREMENT for table `profile`
--
ALTER TABLE `profile`
  MODIFY `profileId` int(11) NOT NULL AUTO_INCREMENT;

--
-- AUTO_INCREMENT for table `quiz`
--
ALTER TABLE `quiz`
  MODIFY `quizId` int(11) NOT NULL AUTO_INCREMENT;

--
-- AUTO_INCREMENT for table `registration`
--
ALTER TABLE `registration`
  MODIFY `regId` int(11) NOT NULL AUTO_INCREMENT;

--
-- AUTO_INCREMENT for table `student`
--
ALTER TABLE `student`
  MODIFY `studentId` int(11) NOT NULL AUTO_INCREMENT;

--
-- AUTO_INCREMENT for table `subjectmodel`
--
ALTER TABLE `subjectmodel`
  MODIFY `subjectId` int(11) NOT NULL AUTO_INCREMENT, AUTO_INCREMENT=103;

--
-- AUTO_INCREMENT for table `termexam`
--
ALTER TABLE `termexam`
  MODIFY `termexamId` int(11) NOT NULL AUTO_INCREMENT;

--
-- AUTO_INCREMENT for table `video`
--
ALTER TABLE `video`
  MODIFY `videoId` int(11) NOT NULL AUTO_INCREMENT;

--
-- Constraints for dumped tables
--

--
-- Constraints for table `batch`
--
ALTER TABLE `batch`
  ADD CONSTRAINT `batch_ibfk_1` FOREIGN KEY (`batchClass`) REFERENCES `classlist` (`classId`);

--
-- Constraints for table `chapter`
--
ALTER TABLE `chapter`
  ADD CONSTRAINT `chapter_ibfk_1` FOREIGN KEY (`chapterClassId`) REFERENCES `classlist` (`classId`),
  ADD CONSTRAINT `chapter_ibfk_2` FOREIGN KEY (`chapterSubjectId`) REFERENCES `subjectmodel` (`subjectId`);

--
-- Constraints for table `exam`
--
ALTER TABLE `exam`
  ADD CONSTRAINT `exam_ibfk_1` FOREIGN KEY (`examClass`) REFERENCES `classlist` (`classId`),
  ADD CONSTRAINT `exam_ibfk_2` FOREIGN KEY (`examBatch`) REFERENCES `batch` (`batchId`);

--
-- Constraints for table `fee`
--
ALTER TABLE `fee`
  ADD CONSTRAINT `fee_ibfk_1` FOREIGN KEY (`feeBatch`) REFERENCES `batch` (`batchId`),
  ADD CONSTRAINT `fee_ibfk_2` FOREIGN KEY (`feeClass`) REFERENCES `classlist` (`classId`),
  ADD CONSTRAINT `fee_ibfk_3` FOREIGN KEY (`feeStudentId`) REFERENCES `student` (`studentId`);

--
-- Constraints for table `homework`
--
ALTER TABLE `homework`
  ADD CONSTRAINT `homework_ibfk_1` FOREIGN KEY (`homeworkClassId`) REFERENCES `classlist` (`classId`),
  ADD CONSTRAINT `homework_ibfk_2` FOREIGN KEY (`homeworkSubjectId`) REFERENCES `subjectmodel` (`subjectId`),
  ADD CONSTRAINT `homework_ibfk_3` FOREIGN KEY (`homeworkChapterId`) REFERENCES `chapter` (`chapterId`);

--
-- Constraints for table `messages`
--
ALTER TABLE `messages`
  ADD CONSTRAINT `messages_ibfk_1` FOREIGN KEY (`messageBatchId`) REFERENCES `batch` (`batchId`),
  ADD CONSTRAINT `messages_ibfk_2` FOREIGN KEY (`messageClassId`) REFERENCES `classlist` (`classId`),
  ADD CONSTRAINT `messages_ibfk_3` FOREIGN KEY (`messageStudentId`) REFERENCES `student` (`studentId`);

--
-- Constraints for table `quiz`
--
ALTER TABLE `quiz`
  ADD CONSTRAINT `quiz_ibfk_1` FOREIGN KEY (`quizClassId`) REFERENCES `classlist` (`classId`),
  ADD CONSTRAINT `quiz_ibfk_2` FOREIGN KEY (`quizSubjectId`) REFERENCES `subjectmodel` (`subjectId`),
  ADD CONSTRAINT `quiz_ibfk_3` FOREIGN KEY (`quizChapterId`) REFERENCES `chapter` (`chapterId`);

--
-- Constraints for table `student`
--
ALTER TABLE `student`
  ADD CONSTRAINT `student_ibfk_1` FOREIGN KEY (`studentBatch`) REFERENCES `batch` (`batchId`),
  ADD CONSTRAINT `student_ibfk_2` FOREIGN KEY (`studentClass`) REFERENCES `classlist` (`classId`);

--
-- Constraints for table `subjectmodel`
--
ALTER TABLE `subjectmodel`
  ADD CONSTRAINT `subjectmodel_ibfk_1` FOREIGN KEY (`subjectClassId`) REFERENCES `classlist` (`classId`) ON DELETE CASCADE ON UPDATE CASCADE;

--
-- Constraints for table `termexam`
--
ALTER TABLE `termexam`
  ADD CONSTRAINT `termexam_ibfk_1` FOREIGN KEY (`termexamClassId`) REFERENCES `classlist` (`classId`),
  ADD CONSTRAINT `termexam_ibfk_2` FOREIGN KEY (`termexamSubjectId`) REFERENCES `subjectmodel` (`subjectId`);

--
-- Constraints for table `video`
--
ALTER TABLE `video`
  ADD CONSTRAINT `video_ibfk_1` FOREIGN KEY (`videoClassId`) REFERENCES `classlist` (`classId`),
  ADD CONSTRAINT `video_ibfk_2` FOREIGN KEY (`videoSubjectId`) REFERENCES `subjectmodel` (`subjectId`),
  ADD CONSTRAINT `video_ibfk_3` FOREIGN KEY (`videoChapterId`) REFERENCES `chapter` (`chapterId`);
COMMIT;

/*!40101 SET CHARACTER_SET_CLIENT=@OLD_CHARACTER_SET_CLIENT */;
/*!40101 SET CHARACTER_SET_RESULTS=@OLD_CHARACTER_SET_RESULTS */;
/*!40101 SET COLLATION_CONNECTION=@OLD_COLLATION_CONNECTION */;
